0, -1, 8, 1, 2, 0, 124, 129
0, -1, 8, 1, 2, 1, 116, 127
0, -1, 8, 1, 2, 2, 112, 125
0, -1, 8, 1, 2, 3, 108, 123
0, -1, 8, 1, 2, 4, 104, 121
0, -1, 8, 1, 2, 5, 100, 119
0, -1, 8, 1, 2, 6, 96, 117
0, -1, 8, 1, 2, 7, 93, 115
0, -1, 8, 1, 2, 8, 97, 113
0, -1, 8, 1, 2, 9, 101, 111
0, -1, 8, 1, 2, 10, 105, 109
0, -1, 8, 1, 2, 11, 109, 107
0, -1, 8, 1, 2, 12, 113, 105
0, -1, 8, 1, 2, 13, 117, 103
0, -1, 8, 1, 2, 14, 121, 93
0, -1, 8, 1, 2, 15, 125, 91
0, -1, 8, 1, 2, 16, 127, 89
0, -1, 8, 1, 2, 17, 123, 87
0, -1, 8, 1, 2, 18, 119, 85
0, -1, 8, 1, 2, 19, 115, 83
0, -1, 8, 1, 2, 20, 111, 81
0, -1, 8, 1, 2, 21, 107, 101
0, -1, 8, 1, 2, 22, 103, 79
0, -1, 8, 1, 2, 23, 99, 99
0, -1, 8, 1, 2, 24, 95, 77
0, -1, 8, 1, 2, 25, 91, 97
0, -1, 8, 1, 2, 26, 87, 75
0, -1, 8, 1, 2, 27, 83, 95
0, -1, 8, 1, 2, 28, 79, 73
0, -1, 8, 1, 2, 29, 75, 71
0, -1, 8, 1, 2, 30, 71, 69
0, -1, 8, 1, 2, 31, 67, 67
0, -1, 8, 1, 2, 32, 63, 65
0, -1, 8, 1, 2, 33, 59, 63
0, -1, 8, 1, 2, 34, 55, 61
0, -1, 8, 1, 2, 35, 51, 59
0, -1, 8, 1, 2, 36, 47, 57
0, -1, 8, 1, 2, 37, 43, 55
0, -1, 8, 1, 2, 38, 39, 53
0, -1, 8, 1, 2, 39, 35, 51
0, -1, 8, 1, 2, 40, 31, 49
0, -1, 8, 1, 2, 41, 27, 47
0, -1, 8, 1, 2, 42, 23, 45
0, -1, 8, 1, 2, 43, 19, 43
0, -1, 8, 1, 2, 44, 15, 41
0, -1, 8, 1, 2, 45, 11, 39
0, -1, 8, 1, 2, 46, 7, 37
0, -1, 8, 1, 2, 47, 3, 35
0, -1, 8, 1, 2, 48, 1, 33
0, -1, 8, 1, 2, 49, 5, 31
0, -1, 8, 1, 2, 50, 9, 29
0, -1, 8, 1, 2, 51, 13, 27
0, -1, 8, 1, 2, 52, 17, 25
0, -1, 8, 1, 2, 53, 21, 23
0, -1, 8, 1, 2, 54, 25, 21
0, -1, 8, 1, 2, 55, 29, 19
0, -1, 8, 1, 2, 56, 33, 17
0, -1, 8, 1, 2, 57, 40, 15
0, -1, 8, 1, 2, 58, 36, 13
0, -1, 8, 1, 2, 59, 32, 11
0, -1, 8, 1, 2, 60, 28, 9
0, -1, 8, 1, 2, 61, 24, 7
0, -1, 8, 1, 2, 62, 20, 5
0, -1, 8, 1, 2, 63, 16, 3
0, -1, 8, 1, 2, 64, 128, 2
0, -1, 8, 1, 2, 65, 120, 4
0, -1, 8, 1, 2, 66, 126, 6
0, -1, 8, 1, 2, 67, 122, 8
0, -1, 8, 1, 2, 68, 118, 10
0, -1, 8, 1, 2, 69, 114, 12
0, -1, 8, 1, 2, 70, 110, 14
0, -1, 8, 1, 2, 71, 106, 16
0, -1, 8, 1, 2, 72, 102, 18
0, -1, 8, 1, 2, 73, 98, 20
0, -1, 8, 1, 2, 74, 94, 22
0, -1, 8, 1, 2, 75, 90, 24
0, -1, 8, 1, 2, 76, 86, 26
0, -1, 8, 1, 2, 77, 82, 28
0, -1, 8, 1, 2, 78, 78, 30
0, -1, 8, 1, 2, 79, 74, 32
0, -1, 8, 1, 2, 80, 70, 34
0, -1, 8, 1, 2, 81, 66, 36
0, -1, 8, 1, 2, 82, 68, 38
0, -1, 8, 1, 2, 83, 72, 40
0, -1, 8, 1, 2, 84, 76, 42
0, -1, 8, 1, 2, 85, 80, 44
0, -1, 8, 1, 2, 86, 84, 46
0, -1, 8, 1, 2, 87, 88, 48
0, -1, 8, 1, 2, 88, 92, 50
0, -1, 8, 1, 2, 89, 89, 52
0, -1, 8, 1, 2, 90, 85, 54
0, -1, 8, 1, 2, 91, 81, 56
0, -1, 8, 1, 2, 92, 77, 58
0, -1, 8, 1, 2, 93, 73, 60
0, -1, 8, 1, 2, 94, 69, 62
0, -1, 8, 1, 2, 95, 65, 64
0, -1, 8, 1, 2, 96, 61, 66
0, -1, 8, 1, 2, 97, 57, 68
0, -1, 8, 1, 2, 98, 53, 70
0, -1, 8, 1, 2, 99, 49, 72
0, -1, 8, 1, 2, 100, 45, 74
0, -1, 8, 1, 2, 101, 41, 76
0, -1, 8, 1, 2, 102, 37, 78
0, -1, 8, 1, 2, 103, 44, 80
0, -1, 8, 1, 2, 104, 48, 82
0, -1, 8, 1, 2, 105, 52, 84
0, -1, 8, 1, 2, 106, 56, 86
0, -1, 8, 1, 2, 107, 60, 88
0, -1, 8, 1, 2, 108, 64, 90
0, -1, 8, 1, 2, 109, 62, 92
0, -1, 8, 1, 2, 110, 59, 94
0, -1, 8, 1, 2, 111, 54, 96
0, -1, 8, 1, 2, 112, 50, 98
0, -1, 8, 1, 2, 113, 46, 100
0, -1, 8, 1, 2, 114, 42, 102
0, -1, 8, 1, 2, 115, 38, 104
0, -1, 8, 1, 2, 116, 34, 106
0, -1, 8, 1, 2, 117, 30, 108
0, -1, 8, 1, 2, 118, 26, 110
0, -1, 8, 1, 2, 119, 22, 112
0, -1, 8, 1, 2, 120, 18, 114
0, -1, 8, 1, 2, 121, 14, 116
0, -1, 8, 1, 2, 122, 10, 118
0, -1, 8, 1, 2, 123, 6, 120
0, -1, 8, 1, 2, 124, 2, 122
0, -1, 8, 1, 2, 125, 12, 124
0, -1, 8, 1, 2, 126, 8, 126
0, -1, 8, 1, 2, 127, 4, 128
1, -1, 7, 1, 2, 0, 124, 129
1, -1, 7, 1, 2, 1, 116, 127
1, -1, 7, 1, 2, 2, 112, 125
1, -1, 7, 1, 2, 3, 108, 123
1, -1, 7, 1, 2, 4, 104, 121
1, -1, 7, 1, 2, 5, 100, 119
1, -1, 7, 1, 2, 6, 96, 117
1, -1, 7, 1, 2, 7, 93, 115
1, -1, 7, 1, 2, 8, 97, 113
1, -1, 7, 1, 2, 9, 101, 111
1, -1, 7, 1, 2, 10, 105, 109
1, -1, 7, 1, 2, 11, 109, 107
1, -1, 7, 1, 2, 12, 113, 105
1, -1, 7, 1, 2, 13, 117, 103
1, -1, 7, 1, 2, 14, 121, 93
1, -1, 7, 1, 2, 15, 125, 91
1, -1, 7, 1, 2, 16, 127, 89
1, -1, 7, 1, 2, 17, 123, 87
1, -1, 7, 1, 2, 18, 119, 85
1, -1, 7, 1, 2, 19, 115, 83
1, -1, 7, 1, 2, 20, 111, 81
1, -1, 7, 1, 2, 21, 107, 101
1, -1, 7, 1, 2, 22, 103, 79
1, -1, 7, 1, 2, 23, 99, 99
1, -1, 7, 1, 2, 24, 95, 77
1, -1, 7, 1, 2, 25, 91, 97
1, -1, 7, 1, 2, 26, 87, 75
1, -1, 7, 1, 2, 27, 83, 95
1, -1, 7, 1, 2, 28, 79, 73
1, -1, 7, 1, 2, 29, 75, 71
1, -1, 7, 1, 2, 30, 71, 69
1, -1, 7, 1, 2, 31, 67, 67
1, -1, 7, 1, 2, 32, 63, 65
1, -1, 7, 1, 2, 33, 59, 63
1, -1, 7, 1, 2, 34, 55, 61
1, -1, 7, 1, 2, 35, 51, 59
1, -1, 7, 1, 2, 36, 47, 57
1, -1, 7, 1, 2, 37, 43, 55
1, -1, 7, 1, 2, 38, 39, 53
1, -1, 7, 1, 2, 39, 35, 51
1, -1, 7, 1, 2, 40, 31, 49
1, -1, 7, 1, 2, 41, 27, 47
1, -1, 7, 1, 2, 42, 23, 45
1, -1, 7, 1, 2, 43, 19, 43
1, -1, 7, 1, 2, 44, 15, 41
1, -1, 7, 1, 2, 45, 11, 39
1, -1, 7, 1, 2, 46, 7, 37
1, -1, 7, 1, 2, 47, 3, 35
1, -1, 7, 1, 2, 48, 1, 33
1, -1, 7, 1, 2, 49, 5, 31
1, -1, 7, 1, 2, 50, 9, 29
1, -1, 7, 1, 2, 51, 13, 27
1, -1, 7, 1, 2, 52, 17, 25
1, -1, 7, 1, 2, 53, 21, 23
1, -1, 7, 1, 2, 54, 25, 21
1, -1, 7, 1, 2, 55, 29, 19
1, -1, 7, 1, 2, 56, 33, 17
1, -1, 7, 1, 2, 57, 40, 15
1, -1, 7, 1, 2, 58, 36, 13
1, -1, 7, 1, 2, 59, 32, 11
1, -1, 7, 1, 2, 60, 28, 9
1, -1, 7, 1, 2, 61, 24, 7
1, -1, 7, 1, 2, 62, 20, 5
1, -1, 7, 1, 2, 63, 16, 3
1, -1, 7, 1, 2, 64, 128, 2
1, -1, 7, 1, 2, 65, 120, 4
1, -1, 7, 1, 2, 66, 126, 6
1, -1, 7, 1, 2, 67, 122, 8
1, -1, 7, 1, 2, 68, 118, 10
1, -1, 7, 1, 2, 69, 114, 12
1, -1, 7, 1, 2, 70, 110, 14
1, -1, 7, 1, 2, 71, 106, 16
1, -1, 7, 1, 2, 72, 102, 18
1, -1, 7, 1, 2, 73, 98, 20
1, -1, 7, 1, 2, 74, 94, 22
1, -1, 7, 1, 2, 75, 90, 24
1, -1, 7, 1, 2, 76, 86, 26
1, -1, 7, 1, 2, 77, 82, 28
1, -1, 7, 1, 2, 78, 78, 30
1, -1, 7, 1, 2, 79, 74, 32
1, -1, 7, 1, 2, 80, 70, 34
1, -1, 7, 1, 2, 81, 66, 36
1, -1, 7, 1, 2, 82, 68, 38
1, -1, 7, 1, 2, 83, 72, 40
1, -1, 7, 1, 2, 84, 76, 42
1, -1, 7, 1, 2, 85, 80, 44
1, -1, 7, 1, 2, 86, 84, 46
1, -1, 7, 1, 2, 87, 88, 48
1, -1, 7, 1, 2, 88, 92, 50
1, -1, 7, 1, 2, 89, 89, 52
1, -1, 7, 1, 2, 90, 85, 54
1, -1, 7, 1, 2, 91, 81, 56
1, -1, 7, 1, 2, 92, 77, 58
1, -1, 7, 1, 2, 93, 73, 60
1, -1, 7, 1, 2, 94, 69, 62
1, -1, 7, 1, 2, 95, 65, 64
1, -1, 7, 1, 2, 96, 61, 66
1, -1, 7, 1, 2, 97, 57, 68
1, -1, 7, 1, 2, 98, 53, 70
1, -1, 7, 1, 2, 99, 49, 72
1, -1, 7, 1, 2, 100, 45, 74
1, -1, 7, 1, 2, 101, 41, 76
1, -1, 7, 1, 2, 102, 37, 78
1, -1, 7, 1, 2, 103, 44, 80
1, -1, 7, 1, 2, 104, 48, 82
1, -1, 7, 1, 2, 105, 52, 84
1, -1, 7, 1, 2, 106, 56, 86
1, -1, 7, 1, 2, 107, 60, 88
1, -1, 7, 1, 2, 108, 64, 90
1, -1, 7, 1, 2, 109, 62, 92
1, -1, 7, 1, 2, 110, 59, 94
1, -1, 7, 1, 2, 111, 54, 96
1, -1, 7, 1, 2, 112, 50, 98
1, -1, 7, 1, 2, 113, 46, 100
1, -1, 7, 1, 2, 114, 42, 102
1, -1, 7, 1, 2, 115, 38, 104
1, -1, 7, 1, 2, 116, 34, 106
1, -1, 7, 1, 2, 117, 30, 108
1, -1, 7, 1, 2, 118, 26, 110
1, -1, 7, 1, 2, 119, 22, 112
1, -1, 7, 1, 2, 120, 18, 114
1, -1, 7, 1, 2, 121, 14, 116
1, -1, 7, 1, 2, 122, 10, 118
1, -1, 7, 1, 2, 123, 6, 120
1, -1, 7, 1, 2, 124, 2, 122
1, -1, 7, 1, 2, 125, 12, 124
1, -1, 7, 1, 2, 126, 8, 126
1, -1, 7, 1, 2, 127, 4, 128
2, -1, 6, 1, 2, 0, 124, 128
2, -1, 6, 1, 2, 1, 116, 126
2, -1, 6, 1, 2, 2, 112, 124
2, -1, 6, 1, 2, 3, 108, 122
2, -1, 6, 1, 2, 4, 104, 120
2, -1, 6, 1, 2, 5, 100, 118
2, -1, 6, 1, 2, 6, 96, 116
2, -1, 6, 1, 2, 7, 93, 114
2, -1, 6, 1, 2, 8, 97, 112
2, -1, 6, 1, 2, 9, 101, 110
2, -1, 6, 1, 2, 10, 105, 108
2, -1, 6, 1, 2, 11, 109, 106
2, -1, 6, 1, 2, 12, 113, 104
2, -1, 6, 1, 2, 13, 117, 102
2, -1, 6, 1, 2, 14, 121, 100
2, -1, 6, 1, 2, 15, 125, 98
2, -1, 6, 1, 2, 16, 127, 96
2, -1, 6, 1, 2, 17, 123, 94
2, -1, 6, 1, 2, 18, 119, 92
2, -1, 6, 1, 2, 19, 115, 90
2, -1, 6, 1, 2, 20, 111, 88
2, -1, 6, 1, 2, 21, 107, 86
2, -1, 6, 1, 2, 22, 103, 84
2, -1, 6, 1, 2, 23, 99, 82
2, -1, 6, 1, 2, 24, 95, 80
2, -1, 6, 1, 2, 25, 91, 78
2, -1, 6, 1, 2, 26, 87, 76
2, -1, 6, 1, 2, 27, 83, 74
2, -1, 6, 1, 2, 28, 79, 72
2, -1, 6, 1, 2, 29, 75, 70
2, -1, 6, 1, 2, 30, 71, 68
2, -1, 6, 1, 2, 31, 67, 66
2, -1, 6, 1, 2, 32, 63, 64
2, -1, 6, 1, 2, 33, 59, 62
2, -1, 6, 1, 2, 34, 55, 60
2, -1, 6, 1, 2, 35, 51, 58
2, -1, 6, 1, 2, 36, 47, 56
2, -1, 6, 1, 2, 37, 43, 54
2, -1, 6, 1, 2, 38, 39, 52
2, -1, 6, 1, 2, 39, 35, 50
2, -1, 6, 1, 2, 40, 31, 48
2, -1, 6, 1, 2, 41, 27, 46
2, -1, 6, 1, 2, 42, 23, 44
2, -1, 6, 1, 2, 43, 19, 42
2, -1, 6, 1, 2, 44, 15, 40
2, -1, 6, 1, 2, 45, 11, 38
2, -1, 6, 1, 2, 46, 7, 36
2, -1, 6, 1, 2, 47, 3, 34
2, -1, 6, 1, 2, 48, 1, 32
2, -1, 6, 1, 2, 49, 5, 30
2, -1, 6, 1, 2, 50, 9, 28
2, -1, 6, 1, 2, 51, 13, 26
2, -1, 6, 1, 2, 52, 17, 24
2, -1, 6, 1, 2, 53, 21, 22
2, -1, 6, 1, 2, 54, 25, 20
2, -1, 6, 1, 2, 55, 29, 18
2, -1, 6, 1, 2, 56, 33, 16
2, -1, 6, 1, 2, 57, 40, 14
2, -1, 6, 1, 2, 58, 36, 12
2, -1, 6, 1, 2, 59, 32, 10
2, -1, 6, 1, 2, 60, 28, 8
2, -1, 6, 1, 2, 61, 24, 6
2, -1, 6, 1, 2, 62, 20, 4
2, -1, 6, 1, 2, 63, 16, 2
2, -1, 6, 1, 2, 64, 4, 3
2, -1, 6, 1, 2, 65, 8, 5
2, -1, 6, 1, 2, 66, 12, 7
2, -1, 6, 1, 2, 67, 2, 9
2, -1, 6, 1, 2, 68, 6, 11
2, -1, 6, 1, 2, 69, 10, 13
2, -1, 6, 1, 2, 70, 14, 15
2, -1, 6, 1, 2, 71, 18, 17
2, -1, 6, 1, 2, 72, 22, 19
2, -1, 6, 1, 2, 73, 26, 21
2, -1, 6, 1, 2, 74, 30, 23
2, -1, 6, 1, 2, 75, 34, 25
2, -1, 6, 1, 2, 76, 38, 27
2, -1, 6, 1, 2, 77, 42, 29
2, -1, 6, 1, 2, 78, 46, 31
2, -1, 6, 1, 2, 79, 50, 33
2, -1, 6, 1, 2, 80, 54, 35
2, -1, 6, 1, 2, 81, 58, 37
2, -1, 6, 1, 2, 82, 62, 39
2, -1, 6, 1, 2, 83, 64, 41
2, -1, 6, 1, 2, 84, 60, 43
2, -1, 6, 1, 2, 85, 56, 45
2, -1, 6, 1, 2, 86, 52, 47
2, -1, 6, 1, 2, 87, 48, 49
2, -1, 6, 1, 2, 88, 44, 51
2, -1, 6, 1, 2, 89, 37, 53
2, -1, 6, 1, 2, 90, 41, 55
2, -1, 6, 1, 2, 91, 45, 57
2, -1, 6, 1, 2, 92, 49, 59
2, -1, 6, 1, 2, 93, 53, 61
2, -1, 6, 1, 2, 94, 57, 63
2, -1, 6, 1, 2, 95, 61, 65
2, -1, 6, 1, 2, 96, 65, 67
2, -1, 6, 1, 2, 97, 69, 69
2, -1, 6, 1, 2, 98, 73, 71
2, -1, 6, 1, 2, 99, 77, 73
2, -1, 6, 1, 2, 100, 81, 75
2, -1, 6, 1, 2, 101, 85, 77
2, -1, 6, 1, 2, 102, 89, 79
2, -1, 6, 1, 2, 103, 92, 81
2, -1, 6, 1, 2, 104, 88, 83
2, -1, 6, 1, 2, 105, 84, 85
2, -1, 6, 1, 2, 106, 80, 87
2, -1, 6, 1, 2, 107, 76, 89
2, -1, 6, 1, 2, 108, 72, 91
2, -1, 6, 1, 2, 109, 68, 93
2, -1, 6, 1, 2, 110, 66, 95
2, -1, 6, 1, 2, 111, 70, 97
2, -1, 6, 1, 2, 112, 74, 99
2, -1, 6, 1, 2, 113, 78, 101
2, -1, 6, 1, 2, 114, 82, 103
2, -1, 6, 1, 2, 115, 86, 105
2, -1, 6, 1, 2, 116, 90, 107
2, -1, 6, 1, 2, 117, 94, 109
2, -1, 6, 1, 2, 118, 98, 111
2, -1, 6, 1, 2, 119, 102, 113
2, -1, 6, 1, 2, 120, 106, 115
2, -1, 6, 1, 2, 121, 110, 117
2, -1, 6, 1, 2, 122, 114, 119
2, -1, 6, 1, 2, 123, 118, 121
2, -1, 6, 1, 2, 124, 122, 123
2, -1, 6, 1, 2, 125, 126, 125
2, -1, 6, 1, 2, 126, 120, 127
2, -1, 6, 1, 2, 127, 128, 129
3, -1, 5, 1, 2, 0, 124, 128
3, -1, 5, 1, 2, 1, 116, 126
3, -1, 5, 1, 2, 2, 112, 124
3, -1, 5, 1, 2, 3, 108, 122
3, -1, 5, 1, 2, 4, 104, 120
3, -1, 5, 1, 2, 5, 100, 118
3, -1, 5, 1, 2, 6, 96, 116
3, -1, 5, 1, 2, 7, 93, 114
3, -1, 5, 1, 2, 8, 97, 112
3, -1, 5, 1, 2, 9, 101, 110
3, -1, 5, 1, 2, 10, 105, 108
3, -1, 5, 1, 2, 11, 109, 106
3, -1, 5, 1, 2, 12, 113, 104
3, -1, 5, 1, 2, 13, 117, 102
3, -1, 5, 1, 2, 14, 121, 100
3, -1, 5, 1, 2, 15, 125, 98
3, -1, 5, 1, 2, 16, 127, 96
3, -1, 5, 1, 2, 17, 123, 94
3, -1, 5, 1, 2, 18, 119, 92
3, -1, 5, 1, 2, 19, 115, 90
3, -1, 5, 1, 2, 20, 111, 88
3, -1, 5, 1, 2, 21, 107, 86
3, -1, 5, 1, 2, 22, 103, 84
3, -1, 5, 1, 2, 23, 99, 82
3, -1, 5, 1, 2, 24, 95, 80
3, -1, 5, 1, 2, 25, 91, 78
3, -1, 5, 1, 2, 26, 87, 76
3, -1, 5, 1, 2, 27, 83, 74
3, -1, 5, 1, 2, 28, 79, 72
3, -1, 5, 1, 2, 29, 75, 70
3, -1, 5, 1, 2, 30, 71, 68
3, -1, 5, 1, 2, 31, 67, 66
3, -1, 5, 1, 2, 32, 63, 64
3, -1, 5, 1, 2, 33, 59, 62
3, -1, 5, 1, 2, 34, 55, 60
3, -1, 5, 1, 2, 35, 51, 58
3, -1, 5, 1, 2, 36, 47, 56
3, -1, 5, 1, 2, 37, 43, 54
3, -1, 5, 1, 2, 38, 39, 52
3, -1, 5, 1, 2, 39, 35, 50
3, -1, 5, 1, 2, 40, 31, 48
3, -1, 5, 1, 2, 41, 27, 46
3, -1, 5, 1, 2, 42, 23, 44
3, -1, 5, 1, 2, 43, 19, 42
3, -1, 5, 1, 2, 44, 15, 40
3, -1, 5, 1, 2, 45, 11, 38
3, -1, 5, 1, 2, 46, 7, 36
3, -1, 5, 1, 2, 47, 3, 34
3, -1, 5, 1, 2, 48, 1, 32
3, -1, 5, 1, 2, 49, 5, 30
3, -1, 5, 1, 2, 50, 9, 28
3, -1, 5, 1, 2, 51, 13, 26
3, -1, 5, 1, 2, 52, 17, 24
3, -1, 5, 1, 2, 53, 21, 22
3, -1, 5, 1, 2, 54, 25, 20
3, -1, 5, 1, 2, 55, 29, 18
3, -1, 5, 1, 2, 56, 33, 16
3, -1, 5, 1, 2, 57, 40, 14
3, -1, 5, 1, 2, 58, 36, 12
3, -1, 5, 1, 2, 59, 32, 10
3, -1, 5, 1, 2, 60, 28, 8
3, -1, 5, 1, 2, 61, 24, 6
3, -1, 5, 1, 2, 62, 20, 4
3, -1, 5, 1, 2, 63, 16, 2
3, -1, 5, 1, 2, 64, 4, 3
3, -1, 5, 1, 2, 65, 8, 5
3, -1, 5, 1, 2, 66, 12, 7
3, -1, 5, 1, 2, 67, 2, 9
3, -1, 5, 1, 2, 68, 6, 11
3, -1, 5, 1, 2, 69, 10, 13
3, -1, 5, 1, 2, 70, 14, 15
3, -1, 5, 1, 2, 71, 18, 17
3, -1, 5, 1, 2, 72, 22, 19
3, -1, 5, 1, 2, 73, 26, 21
3, -1, 5, 1, 2, 74, 30, 23
3, -1, 5, 1, 2, 75, 34, 25
3, -1, 5, 1, 2, 76, 38, 27
3, -1, 5, 1, 2, 77, 42, 29
3, -1, 5, 1, 2, 78, 46, 31
3, -1, 5, 1, 2, 79, 50, 33
3, -1, 5, 1, 2, 80, 54, 35
3, -1, 5, 1, 2, 81, 58, 37
3, -1, 5, 1, 2, 82, 62, 39
3, -1, 5, 1, 2, 83, 64, 41
3, -1, 5, 1, 2, 84, 60, 43
3, -1, 5, 1, 2, 85, 56, 45
3, -1, 5, 1, 2, 86, 52, 47
3, -1, 5, 1, 2, 87, 48, 49
3, -1, 5, 1, 2, 88, 44, 51
3, -1, 5, 1, 2, 89, 37, 53
3, -1, 5, 1, 2, 90, 41, 55
3, -1, 5, 1, 2, 91, 45, 57
3, -1, 5, 1, 2, 92, 49, 59
3, -1, 5, 1, 2, 93, 53, 61
3, -1, 5, 1, 2, 94, 57, 63
3, -1, 5, 1, 2, 95, 61, 65
3, -1, 5, 1, 2, 96, 65, 67
3, -1, 5, 1, 2, 97, 69, 69
3, -1, 5, 1, 2, 98, 73, 71
3, -1, 5, 1, 2, 99, 77, 73
3, -1, 5, 1, 2, 100, 81, 75
3, -1, 5, 1, 2, 101, 85, 77
3, -1, 5, 1, 2, 102, 89, 79
3, -1, 5, 1, 2, 103, 92, 81
3, -1, 5, 1, 2, 104, 88, 83
3, -1, 5, 1, 2, 105, 84, 85
3, -1, 5, 1, 2, 106, 80, 87
3, -1, 5, 1, 2, 107, 76, 89
3, -1, 5, 1, 2, 108, 72, 91
3, -1, 5, 1, 2, 109, 68, 93
3, -1, 5, 1, 2, 110, 66, 95
3, -1, 5, 1, 2, 111, 70, 97
3, -1, 5, 1, 2, 112, 74, 99
3, -1, 5, 1, 2, 113, 78, 101
3, -1, 5, 1, 2, 114, 82, 103
3, -1, 5, 1, 2, 115, 86, 105
3, -1, 5, 1, 2, 116, 90, 107
3, -1, 5, 1, 2, 117, 94, 109
3, -1, 5, 1, 2, 118, 98, 111
3, -1, 5, 1, 2, 119, 102, 113
3, -1, 5, 1, 2, 120, 106, 115
3, -1, 5, 1, 2, 121, 110, 117
3, -1, 5, 1, 2, 122, 114, 119
3, -1, 5, 1, 2, 123, 118, 121
3, -1, 5, 1, 2, 124, 122, 123
3, -1, 5, 1, 2, 125, 126, 125
3, -1, 5, 1, 2, 126, 120, 127
3, -1, 5, 1, 2, 127, 128, 129
4, -1, 4, 1, 2, 0, 124, 129
4, -1, 4, 1, 2, 1, 116, 127
4, -1, 4, 1, 2, 2, 112, 125
4, -1, 4, 1, 2, 3, 108, 123
4, -1, 4, 1, 2, 4, 104, 121
4, -1, 4, 1, 2, 5, 100, 119
4, -1, 4, 1, 2, 6, 96, 117
4, -1, 4, 1, 2, 7, 93, 115
4, -1, 4, 1, 2, 8, 97, 113
4, -1, 4, 1, 2, 9, 101, 111
4, -1, 4, 1, 2, 10, 105, 109
4, -1, 4, 1, 2, 11, 109, 107
4, -1, 4, 1, 2, 12, 113, 105
4, -1, 4, 1, 2, 13, 117, 103
4, -1, 4, 1, 2, 14, 121, 101
4, -1, 4, 1, 2, 15, 125, 99
4, -1, 4, 1, 2, 16, 127, 97
4, -1, 4, 1, 2, 17, 123, 95
4, -1, 4, 1, 2, 18, 119, 93
4, -1, 4, 1, 2, 19, 115, 91
4, -1, 4, 1, 2, 20, 111, 89
4, -1, 4, 1, 2, 21, 107, 87
4, -1, 4, 1, 2, 22, 103, 85
4, -1, 4, 1, 2, 23, 99, 83
4, -1, 4, 1, 2, 24, 95, 81
4, -1, 4, 1, 2, 25, 91, 79
4, -1, 4, 1, 2, 26, 87, 77
4, -1, 4, 1, 2, 27, 83, 75
4, -1, 4, 1, 2, 28, 79, 73
4, -1, 4, 1, 2, 29, 75, 71
4, -1, 4, 1, 2, 30, 71, 69
4, -1, 4, 1, 2, 31, 67, 67
4, -1, 4, 1, 2, 32, 63, 65
4, -1, 4, 1, 2, 33, 59, 63
4, -1, 4, 1, 2, 34, 55, 61
4, -1, 4, 1, 2, 35, 51, 59
4, -1, 4, 1, 2, 36, 47, 57
4, -1, 4, 1, 2, 37, 43, 55
4, -1, 4, 1, 2, 38, 39, 53
4, -1, 4, 1, 2, 39, 35, 51
4, -1, 4, 1, 2, 40, 31, 49
4, -1, 4, 1, 2, 41, 27, 47
4, -1, 4, 1, 2, 42, 23, 45
4, -1, 4, 1, 2, 43, 19, 43
4, -1, 4, 1, 2, 44, 15, 41
4, -1, 4, 1, 2, 45, 11, 39
4, -1, 4, 1, 2, 46, 7, 37
4, -1, 4, 1, 2, 47, 3, 35
4, -1, 4, 1, 2, 48, 1, 33
4, -1, 4, 1, 2, 49, 5, 31
4, -1, 4, 1, 2, 50, 9, 29
4, -1, 4, 1, 2, 51, 13, 27
4, -1, 4, 1, 2, 52, 17, 25
4, -1, 4, 1, 2, 53, 21, 23
4, -1, 4, 1, 2, 54, 25, 21
4, -1, 4, 1, 2, 55, 29, 19
4, -1, 4, 1, 2, 56, 33, 17
4, -1, 4, 1, 2, 57, 40, 15
4, -1, 4, 1, 2, 58, 36, 13
4, -1, 4, 1, 2, 59, 32, 11
4, -1, 4, 1, 2, 60, 28, 9
4, -1, 4, 1, 2, 61, 24, 7
4, -1, 4, 1, 2, 62, 20, 5
4, -1, 4, 1, 2, 63, 16, 3
4, -1, 4, 1, 2, 64, 4, 2
4, -1, 4, 1, 2, 65, 8, 4
4, -1, 4, 1, 2, 66, 12, 6
4, -1, 4, 1, 2, 67, 2, 8
4, -1, 4, 1, 2, 68, 6, 10
4, -1, 4, 1, 2, 69, 10, 12
4, -1, 4, 1, 2, 70, 14, 14
4, -1, 4, 1, 2, 71, 18, 16
4, -1, 4, 1, 2, 72, 22, 18
4, -1, 4, 1, 2, 73, 26, 20
4, -1, 4, 1, 2, 74, 30, 22
4, -1, 4, 1, 2, 75, 34, 24
4, -1, 4, 1, 2, 76, 38, 26
4, -1, 4, 1, 2, 77, 42, 28
4, -1, 4, 1, 2, 78, 46, 30
4, -1, 4, 1, 2, 79, 50, 32
4, -1, 4, 1, 2, 80, 54, 34
4, -1, 4, 1, 2, 81, 58, 36
4, -1, 4, 1, 2, 82, 62, 38
4, -1, 4, 1, 2, 83, 64, 40
4, -1, 4, 1, 2, 84, 60, 42
4, -1, 4, 1, 2, 85, 56, 44
4, -1, 4, 1, 2, 86, 52, 46
4, -1, 4, 1, 2, 87, 48, 48
4, -1, 4, 1, 2, 88, 44, 50
4, -1, 4, 1, 2, 89, 37, 52
4, -1, 4, 1, 2, 90, 41, 54
4, -1, 4, 1, 2, 91, 45, 56
4, -1, 4, 1, 2, 92, 49, 58
4, -1, 4, 1, 2, 93, 53, 60
4, -1, 4, 1, 2, 94, 57, 62
4, -1, 4, 1, 2, 95, 61, 64
4, -1, 4, 1, 2, 96, 65, 66
4, -1, 4, 1, 2, 97, 69, 68
4, -1, 4, 1, 2, 98, 73, 70
4, -1, 4, 1, 2, 99, 77, 72
4, -1, 4, 1, 2, 100, 81, 74
4, -1, 4, 1, 2, 101, 85, 76
4, -1, 4, 1, 2, 102, 89, 78
4, -1, 4, 1, 2, 103, 92, 80
4, -1, 4, 1, 2, 104, 88, 82
4, -1, 4, 1, 2, 105, 84, 84
4, -1, 4, 1, 2, 106, 80, 86
4, -1, 4, 1, 2, 107, 76, 88
4, -1, 4, 1, 2, 108, 72, 90
4, -1, 4, 1, 2, 109, 68, 92
4, -1, 4, 1, 2, 110, 66, 94
4, -1, 4, 1, 2, 111, 70, 96
4, -1, 4, 1, 2, 112, 74, 98
4, -1, 4, 1, 2, 113, 78, 100
4, -1, 4, 1, 2, 114, 82, 102
4, -1, 4, 1, 2, 115, 86, 104
4, -1, 4, 1, 2, 116, 90, 106
4, -1, 4, 1, 2, 117, 94, 108
4, -1, 4, 1, 2, 118, 98, 110
4, -1, 4, 1, 2, 119, 102, 112
4, -1, 4, 1, 2, 120, 106, 114
4, -1, 4, 1, 2, 121, 110, 116
4, -1, 4, 1, 2, 122, 114, 118
4, -1, 4, 1, 2, 123, 118, 120
4, -1, 4, 1, 2, 124, 122, 122
4, -1, 4, 1, 2, 125, 126, 124
4, -1, 4, 1, 2, 126, 120, 126
4, -1, 4, 1, 2, 127, 128, 128
5, -1, 3, 1, 2, 0, 124, 3
5, -1, 3, 1, 2, 1, 116, 5
5, -1, 3, 1, 2, 2, 112, 7
5, -1, 3, 1, 2, 3, 108, 9
5, -1, 3, 1, 2, 4, 104, 11
5, -1, 3, 1, 2, 5, 100, 13
5, -1, 3, 1, 2, 6, 96, 15
5, -1, 3, 1, 2, 7, 93, 17
5, -1, 3, 1, 2, 8, 97, 19
5, -1, 3, 1, 2, 9, 101, 21
5, -1, 3, 1, 2, 10, 105, 23
5, -1, 3, 1, 2, 11, 109, 25
5, -1, 3, 1, 2, 12, 113, 27
5, -1, 3, 1, 2, 13, 117, 29
5, -1, 3, 1, 2, 14, 121, 31
5, -1, 3, 1, 2, 15, 125, 33
5, -1, 3, 1, 2, 16, 127, 35
5, -1, 3, 1, 2, 17, 123, 37
5, -1, 3, 1, 2, 18, 119, 39
5, -1, 3, 1, 2, 19, 115, 41
5, -1, 3, 1, 2, 20, 111, 43
5, -1, 3, 1, 2, 21, 107, 45
5, -1, 3, 1, 2, 22, 103, 47
5, -1, 3, 1, 2, 23, 99, 49
5, -1, 3, 1, 2, 24, 95, 51
5, -1, 3, 1, 2, 25, 91, 53
5, -1, 3, 1, 2, 26, 87, 55
5, -1, 3, 1, 2, 27, 83, 57
5, -1, 3, 1, 2, 28, 79, 59
5, -1, 3, 1, 2, 29, 75, 61
5, -1, 3, 1, 2, 30, 71, 63
5, -1, 3, 1, 2, 31, 67, 65
5, -1, 3, 1, 2, 32, 63, 67
5, -1, 3, 1, 2, 33, 59, 69
5, -1, 3, 1, 2, 34, 55, 71
5, -1, 3, 1, 2, 35, 51, 73
5, -1, 3, 1, 2, 36, 47, 75
5, -1, 3, 1, 2, 37, 43, 77
5, -1, 3, 1, 2, 38, 39, 79
5, -1, 3, 1, 2, 39, 35, 81
5, -1, 3, 1, 2, 40, 31, 83
5, -1, 3, 1, 2, 41, 27, 85
5, -1, 3, 1, 2, 42, 23, 87
5, -1, 3, 1, 2, 43, 19, 89
5, -1, 3, 1, 2, 44, 15, 91
5, -1, 3, 1, 2, 45, 11, 93
5, -1, 3, 1, 2, 46, 7, 95
5, -1, 3, 1, 2, 47, 3, 97
5, -1, 3, 1, 2, 48, 1, 99
5, -1, 3, 1, 2, 49, 5, 101
5, -1, 3, 1, 2, 50, 9, 103
5, -1, 3, 1, 2, 51, 13, 105
5, -1, 3, 1, 2, 52, 17, 107
5, -1, 3, 1, 2, 53, 21, 109
5, -1, 3, 1, 2, 54, 25, 111
5, -1, 3, 1, 2, 55, 29, 113
5, -1, 3, 1, 2, 56, 33, 115
5, -1, 3, 1, 2, 57, 40, 117
5, -1, 3, 1, 2, 58, 36, 119
5, -1, 3, 1, 2, 59, 32, 121
5, -1, 3, 1, 2, 60, 28, 123
5, -1, 3, 1, 2, 61, 24, 125
5, -1, 3, 1, 2, 62, 20, 127
5, -1, 3, 1, 2, 63, 16, 129
5, -1, 3, 1, 2, 64, 4, 128
5, -1, 3, 1, 2, 65, 8, 126
5, -1, 3, 1, 2, 66, 12, 124
5, -1, 3, 1, 2, 67, 2, 122
5, -1, 3, 1, 2, 68, 6, 120
5, -1, 3, 1, 2, 69, 10, 118
5, -1, 3, 1, 2, 70, 14, 116
5, -1, 3, 1, 2, 71, 18, 114
5, -1, 3, 1, 2, 72, 22, 112
5, -1, 3, 1, 2, 73, 26, 110
5, -1, 3, 1, 2, 74, 30, 108
5, -1, 3, 1, 2, 75, 34, 106
5, -1, 3, 1, 2, 76, 38, 104
5, -1, 3, 1, 2, 77, 42, 102
5, -1, 3, 1, 2, 78, 46, 100
5, -1, 3, 1, 2, 79, 50, 98
5, -1, 3, 1, 2, 80, 54, 96
5, -1, 3, 1, 2, 81, 58, 94
5, -1, 3, 1, 2, 82, 62, 92
5, -1, 3, 1, 2, 83, 64, 90
5, -1, 3, 1, 2, 84, 60, 88
5, -1, 3, 1, 2, 85, 56, 86
5, -1, 3, 1, 2, 86, 52, 84
5, -1, 3, 1, 2, 87, 48, 82
5, -1, 3, 1, 2, 88, 44, 80
5, -1, 3, 1, 2, 89, 37, 78
5, -1, 3, 1, 2, 90, 41, 76
5, -1, 3, 1, 2, 91, 45, 74
5, -1, 3, 1, 2, 92, 49, 72
5, -1, 3, 1, 2, 93, 53, 70
5, -1, 3, 1, 2, 94, 57, 68
5, -1, 3, 1, 2, 95, 61, 66
5, -1, 3, 1, 2, 96, 65, 64
5, -1, 3, 1, 2, 97, 69, 62
5, -1, 3, 1, 2, 98, 73, 60
5, -1, 3, 1, 2, 99, 77, 58
5, -1, 3, 1, 2, 100, 81, 56
5, -1, 3, 1, 2, 101, 85, 54
5, -1, 3, 1, 2, 102, 89, 52
5, -1, 3, 1, 2, 103, 92, 50
5, -1, 3, 1, 2, 104, 88, 48
5, -1, 3, 1, 2, 105, 84, 46
5, -1, 3, 1, 2, 106, 80, 44
5, -1, 3, 1, 2, 107, 76, 42
5, -1, 3, 1, 2, 108, 72, 40
5, -1, 3, 1, 2, 109, 68, 38
5, -1, 3, 1, 2, 110, 66, 36
5, -1, 3, 1, 2, 111, 70, 34
5, -1, 3, 1, 2, 112, 74, 32
5, -1, 3, 1, 2, 113, 78, 30
5, -1, 3, 1, 2, 114, 82, 28
5, -1, 3, 1, 2, 115, 86, 26
5, -1, 3, 1, 2, 116, 90, 24
5, -1, 3, 1, 2, 117, 94, 22
5, -1, 3, 1, 2, 118, 98, 20
5, -1, 3, 1, 2, 119, 102, 18
5, -1, 3, 1, 2, 120, 106, 16
5, -1, 3, 1, 2, 121, 110, 14
5, -1, 3, 1, 2, 122, 114, 12
5, -1, 3, 1, 2, 123, 118, 10
5, -1, 3, 1, 2, 124, 122, 8
5, -1, 3, 1, 2, 125, 126, 6
5, -1, 3, 1, 2, 126, 120, 4
5, -1, 3, 1, 2, 127, 128, 2
6, -1, 2, 1, 2, 0, 124, 129
6, -1, 2, 1, 2, 1, 116, 127
6, -1, 2, 1, 2, 2, 112, 125
6, -1, 2, 1, 2, 3, 108, 123
6, -1, 2, 1, 2, 4, 104, 121
6, -1, 2, 1, 2, 5, 100, 119
6, -1, 2, 1, 2, 6, 96, 117
6, -1, 2, 1, 2, 7, 93, 115
6, -1, 2, 1, 2, 8, 97, 113
6, -1, 2, 1, 2, 9, 101, 111
6, -1, 2, 1, 2, 10, 105, 109
6, -1, 2, 1, 2, 11, 109, 107
6, -1, 2, 1, 2, 12, 113, 105
6, -1, 2, 1, 2, 13, 117, 103
6, -1, 2, 1, 2, 14, 121, 101
6, -1, 2, 1, 2, 15, 125, 99
6, -1, 2, 1, 2, 16, 127, 97
6, -1, 2, 1, 2, 17, 123, 95
6, -1, 2, 1, 2, 18, 119, 93
6, -1, 2, 1, 2, 19, 115, 91
6, -1, 2, 1, 2, 20, 111, 89
6, -1, 2, 1, 2, 21, 107, 87
6, -1, 2, 1, 2, 22, 103, 85
6, -1, 2, 1, 2, 23, 99, 83
6, -1, 2, 1, 2, 24, 95, 81
6, -1, 2, 1, 2, 25, 91, 79
6, -1, 2, 1, 2, 26, 87, 77
6, -1, 2, 1, 2, 27, 83, 75
6, -1, 2, 1, 2, 28, 79, 73
6, -1, 2, 1, 2, 29, 75, 71
6, -1, 2, 1, 2, 30, 71, 69
6, -1, 2, 1, 2, 31, 67, 67
6, -1, 2, 1, 2, 32, 63, 65
6, -1, 2, 1, 2, 33, 59, 63
6, -1, 2, 1, 2, 34, 55, 61
6, -1, 2, 1, 2, 35, 51, 59
6, -1, 2, 1, 2, 36, 47, 57
6, -1, 2, 1, 2, 37, 43, 55
6, -1, 2, 1, 2, 38, 39, 53
6, -1, 2, 1, 2, 39, 35, 51
6, -1, 2, 1, 2, 40, 31, 49
6, -1, 2, 1, 2, 41, 27, 47
6, -1, 2, 1, 2, 42, 23, 45
6, -1, 2, 1, 2, 43, 19, 43
6, -1, 2, 1, 2, 44, 15, 41
6, -1, 2, 1, 2, 45, 11, 39
6, -1, 2, 1, 2, 46, 7, 37
6, -1, 2, 1, 2, 47, 3, 35
6, -1, 2, 1, 2, 48, 1, 33
6, -1, 2, 1, 2, 49, 5, 31
6, -1, 2, 1, 2, 50, 9, 29
6, -1, 2, 1, 2, 51, 13, 27
6, -1, 2, 1, 2, 52, 17, 25
6, -1, 2, 1, 2, 53, 21, 23
6, -1, 2, 1, 2, 54, 25, 21
6, -1, 2, 1, 2, 55, 29, 19
6, -1, 2, 1, 2, 56, 33, 17
6, -1, 2, 1, 2, 57, 40, 15
6, -1, 2, 1, 2, 58, 36, 13
6, -1, 2, 1, 2, 59, 32, 11
6, -1, 2, 1, 2, 60, 28, 9
6, -1, 2, 1, 2, 61, 24, 7
6, -1, 2, 1, 2, 62, 20, 5
6, -1, 2, 1, 2, 63, 16, 3
6, -1, 2, 1, 2, 64, 4, 2
6, -1, 2, 1, 2, 65, 8, 4
6, -1, 2, 1, 2, 66, 12, 6
6, -1, 2, 1, 2, 67, 2, 8
6, -1, 2, 1, 2, 68, 6, 10
6, -1, 2, 1, 2, 69, 10, 12
6, -1, 2, 1, 2, 70, 14, 14
6, -1, 2, 1, 2, 71, 18, 16
6, -1, 2, 1, 2, 72, 22, 18
6, -1, 2, 1, 2, 73, 26, 20
6, -1, 2, 1, 2, 74, 30, 22
6, -1, 2, 1, 2, 75, 34, 24
6, -1, 2, 1, 2, 76, 38, 26
6, -1, 2, 1, 2, 77, 42, 28
6, -1, 2, 1, 2, 78, 46, 30
6, -1, 2, 1, 2, 79, 50, 32
6, -1, 2, 1, 2, 80, 54, 34
6, -1, 2, 1, 2, 81, 58, 36
6, -1, 2, 1, 2, 82, 62, 38
6, -1, 2, 1, 2, 83, 64, 40
6, -1, 2, 1, 2, 84, 60, 42
6, -1, 2, 1, 2, 85, 56, 44
6, -1, 2, 1, 2, 86, 52, 46
6, -1, 2, 1, 2, 87, 48, 48
6, -1, 2, 1, 2, 88, 44, 50
6, -1, 2, 1, 2, 89, 37, 52
6, -1, 2, 1, 2, 90, 41, 54
6, -1, 2, 1, 2, 91, 45, 56
6, -1, 2, 1, 2, 92, 49, 58
6, -1, 2, 1, 2, 93, 53, 60
6, -1, 2, 1, 2, 94, 57, 62
6, -1, 2, 1, 2, 95, 61, 64
6, -1, 2, 1, 2, 96, 65, 66
6, -1, 2, 1, 2, 97, 69, 68
6, -1, 2, 1, 2, 98, 73, 70
6, -1, 2, 1, 2, 99, 77, 72
6, -1, 2, 1, 2, 100, 81, 74
6, -1, 2, 1, 2, 101, 85, 76
6, -1, 2, 1, 2, 102, 89, 78
6, -1, 2, 1, 2, 103, 92, 80
6, -1, 2, 1, 2, 104, 88, 82
6, -1, 2, 1, 2, 105, 84, 84
6, -1, 2, 1, 2, 106, 80, 86
6, -1, 2, 1, 2, 107, 76, 88
6, -1, 2, 1, 2, 108, 72, 90
6, -1, 2, 1, 2, 109, 68, 92
6, -1, 2, 1, 2, 110, 66, 94
6, -1, 2, 1, 2, 111, 70, 96
6, -1, 2, 1, 2, 112, 74, 98
6, -1, 2, 1, 2, 113, 78, 100
6, -1, 2, 1, 2, 114, 82, 102
6, -1, 2, 1, 2, 115, 86, 104
6, -1, 2, 1, 2, 116, 90, 106
6, -1, 2, 1, 2, 117, 94, 108
6, -1, 2, 1, 2, 118, 98, 110
6, -1, 2, 1, 2, 119, 102, 112
6, -1, 2, 1, 2, 120, 106, 114
6, -1, 2, 1, 2, 121, 110, 116
6, -1, 2, 1, 2, 122, 114, 118
6, -1, 2, 1, 2, 123, 118, 120
6, -1, 2, 1, 2, 124, 122, 122
6, -1, 2, 1, 2, 125, 126, 124
6, -1, 2, 1, 2, 126, 120, 126
6, -1, 2, 1, 2, 127, 128, 128
7, -1, 1, 1, 2, 0, 124, 3
7, -1, 1, 1, 2, 1, 116, 5
7, -1, 1, 1, 2, 2, 112, 7
7, -1, 1, 1, 2, 3, 108, 9
7, -1, 1, 1, 2, 4, 104, 11
7, -1, 1, 1, 2, 5, 100, 13
7, -1, 1, 1, 2, 6, 96, 15
7, -1, 1, 1, 2, 7, 93, 17
7, -1, 1, 1, 2, 8, 97, 19
7, -1, 1, 1, 2, 9, 101, 21
7, -1, 1, 1, 2, 10, 105, 23
7, -1, 1, 1, 2, 11, 109, 25
7, -1, 1, 1, 2, 12, 113, 27
7, -1, 1, 1, 2, 13, 117, 29
7, -1, 1, 1, 2, 14, 121, 31
7, -1, 1, 1, 2, 15, 125, 33
7, -1, 1, 1, 2, 16, 127, 35
7, -1, 1, 1, 2, 17, 123, 37
7, -1, 1, 1, 2, 18, 119, 39
7, -1, 1, 1, 2, 19, 115, 41
7, -1, 1, 1, 2, 20, 111, 43
7, -1, 1, 1, 2, 21, 107, 45
7, -1, 1, 1, 2, 22, 103, 47
7, -1, 1, 1, 2, 23, 99, 49
7, -1, 1, 1, 2, 24, 95, 51
7, -1, 1, 1, 2, 25, 91, 53
7, -1, 1, 1, 2, 26, 87, 55
7, -1, 1, 1, 2, 27, 83, 57
7, -1, 1, 1, 2, 28, 79, 59
7, -1, 1, 1, 2, 29, 75, 61
7, -1, 1, 1, 2, 30, 71, 63
7, -1, 1, 1, 2, 31, 67, 65
7, -1, 1, 1, 2, 32, 63, 67
7, -1, 1, 1, 2, 33, 59, 69
7, -1, 1, 1, 2, 34, 55, 71
7, -1, 1, 1, 2, 35, 51, 73
7, -1, 1, 1, 2, 36, 47, 75
7, -1, 1, 1, 2, 37, 43, 77
7, -1, 1, 1, 2, 38, 39, 79
7, -1, 1, 1, 2, 39, 35, 81
7, -1, 1, 1, 2, 40, 31, 83
7, -1, 1, 1, 2, 41, 27, 85
7, -1, 1, 1, 2, 42, 23, 87
7, -1, 1, 1, 2, 43, 19, 89
7, -1, 1, 1, 2, 44, 15, 91
7, -1, 1, 1, 2, 45, 11, 93
7, -1, 1, 1, 2, 46, 7, 95
7, -1, 1, 1, 2, 47, 3, 97
7, -1, 1, 1, 2, 48, 1, 99
7, -1, 1, 1, 2, 49, 5, 101
7, -1, 1, 1, 2, 50, 9, 103
7, -1, 1, 1, 2, 51, 13, 105
7, -1, 1, 1, 2, 52, 17, 107
7, -1, 1, 1, 2, 53, 21, 109
7, -1, 1, 1, 2, 54, 25, 111
7, -1, 1, 1, 2, 55, 29, 113
7, -1, 1, 1, 2, 56, 33, 115
7, -1, 1, 1, 2, 57, 40, 117
7, -1, 1, 1, 2, 58, 36, 119
7, -1, 1, 1, 2, 59, 32, 121
7, -1, 1, 1, 2, 60, 28, 123
7, -1, 1, 1, 2, 61, 24, 125
7, -1, 1, 1, 2, 62, 20, 127
7, -1, 1, 1, 2, 63, 16, 129
7, -1, 1, 1, 2, 64, 4, 128
7, -1, 1, 1, 2, 65, 8, 126
7, -1, 1, 1, 2, 66, 12, 124
7, -1, 1, 1, 2, 67, 2, 122
7, -1, 1, 1, 2, 68, 6, 120
7, -1, 1, 1, 2, 69, 10, 118
7, -1, 1, 1, 2, 70, 14, 116
7, -1, 1, 1, 2, 71, 18, 114
7, -1, 1, 1, 2, 72, 22, 112
7, -1, 1, 1, 2, 73, 26, 110
7, -1, 1, 1, 2, 74, 30, 108
7, -1, 1, 1, 2, 75, 34, 106
7, -1, 1, 1, 2, 76, 38, 104
7, -1, 1, 1, 2, 77, 42, 102
7, -1, 1, 1, 2, 78, 46, 100
7, -1, 1, 1, 2, 79, 50, 98
7, -1, 1, 1, 2, 80, 54, 96
7, -1, 1, 1, 2, 81, 58, 94
7, -1, 1, 1, 2, 82, 62, 92
7, -1, 1, 1, 2, 83, 64, 90
7, -1, 1, 1, 2, 84, 60, 88
7, -1, 1, 1, 2, 85, 56, 86
7, -1, 1, 1, 2, 86, 52, 84
7, -1, 1, 1, 2, 87, 48, 82
7, -1, 1, 1, 2, 88, 44, 80
7, -1, 1, 1, 2, 89, 37, 78
7, -1, 1, 1, 2, 90, 41, 76
7, -1, 1, 1, 2, 91, 45, 74
7, -1, 1, 1, 2, 92, 49, 72
7, -1, 1, 1, 2, 93, 53, 70
7, -1, 1, 1, 2, 94, 57, 68
7, -1, 1, 1, 2, 95, 61, 66
7, -1, 1, 1, 2, 96, 65, 64
7, -1, 1, 1, 2, 97, 69, 62
7, -1, 1, 1, 2, 98, 73, 60
7, -1, 1, 1, 2, 99, 77, 58
7, -1, 1, 1, 2, 100, 81, 56
7, -1, 1, 1, 2, 101, 85, 54
7, -1, 1, 1, 2, 102, 89, 52
7, -1, 1, 1, 2, 103, 92, 50
7, -1, 1, 1, 2, 104, 88, 48
7, -1, 1, 1, 2, 105, 84, 46
7, -1, 1, 1, 2, 106, 80, 44
7, -1, 1, 1, 2, 107, 76, 42
7, -1, 1, 1, 2, 108, 72, 40
7, -1, 1, 1, 2, 109, 68, 38
7, -1, 1, 1, 2, 110, 66, 36
7, -1, 1, 1, 2, 111, 70, 34
7, -1, 1, 1, 2, 112, 74, 32
7, -1, 1, 1, 2, 113, 78, 30
7, -1, 1, 1, 2, 114, 82, 28
7, -1, 1, 1, 2, 115, 86, 26
7, -1, 1, 1, 2, 116, 90, 24
7, -1, 1, 1, 2, 117, 94, 22
7, -1, 1, 1, 2, 118, 98, 20
7, -1, 1, 1, 2, 119, 102, 18
7, -1, 1, 1, 2, 120, 106, 16
7, -1, 1, 1, 2, 121, 110, 14
7, -1, 1, 1, 2, 122, 114, 12
7, -1, 1, 1, 2, 123, 118, 10
7, -1, 1, 1, 2, 124, 122, 8
7, -1, 1, 1, 2, 125, 126, 6
7, -1, 1, 1, 2, 126, 120, 4
7, -1, 1, 1, 2, 127, 128, 2
8, -1, 8, 2, 2, 0, 124, 3
8, -1, 8, 2, 2, 1, 116, 5
8, -1, 8, 2, 2, 2, 112, 7
8, -1, 8, 2, 2, 3, 108, 9
8, -1, 8, 2, 2, 4, 104, 11
8, -1, 8, 2, 2, 5, 100, 13
8, -1, 8, 2, 2, 6, 96, 15
8, -1, 8, 2, 2, 7, 93, 17
8, -1, 8, 2, 2, 8, 97, 19
8, -1, 8, 2, 2, 9, 101, 21
8, -1, 8, 2, 2, 10, 105, 23
8, -1, 8, 2, 2, 11, 109, 25
8, -1, 8, 2, 2, 12, 113, 27
8, -1, 8, 2, 2, 13, 117, 29
8, -1, 8, 2, 2, 14, 121, 31
8, -1, 8, 2, 2, 15, 125, 33
8, -1, 8, 2, 2, 16, 127, 35
8, -1, 8, 2, 2, 17, 123, 37
8, -1, 8, 2, 2, 18, 119, 39
8, -1, 8, 2, 2, 19, 115, 41
8, -1, 8, 2, 2, 20, 111, 43
8, -1, 8, 2, 2, 21, 107, 45
8, -1, 8, 2, 2, 22, 103, 47
8, -1, 8, 2, 2, 23, 99, 49
8, -1, 8, 2, 2, 24, 95, 51
8, -1, 8, 2, 2, 25, 91, 53
8, -1, 8, 2, 2, 26, 87, 55
8, -1, 8, 2, 2, 27, 83, 57
8, -1, 8, 2, 2, 28, 79, 59
8, -1, 8, 2, 2, 29, 75, 61
8, -1, 8, 2, 2, 30, 71, 63
8, -1, 8, 2, 2, 31, 67, 65
8, -1, 8, 2, 2, 32, 63, 67
8, -1, 8, 2, 2, 33, 59, 69
8, -1, 8, 2, 2, 34, 55, 71
8, -1, 8, 2, 2, 35, 51, 73
8, -1, 8, 2, 2, 36, 47, 75
8, -1, 8, 2, 2, 37, 43, 77
8, -1, 8, 2, 2, 38, 39, 79
8, -1, 8, 2, 2, 39, 35, 81
8, -1, 8, 2, 2, 40, 31, 83
8, -1, 8, 2, 2, 41, 27, 85
8, -1, 8, 2, 2, 42, 23, 87
8, -1, 8, 2, 2, 43, 19, 89
8, -1, 8, 2, 2, 44, 15, 91
8, -1, 8, 2, 2, 45, 11, 93
8, -1, 8, 2, 2, 46, 7, 95
8, -1, 8, 2, 2, 47, 3, 97
8, -1, 8, 2, 2, 48, 1, 99
8, -1, 8, 2, 2, 49, 5, 101
8, -1, 8, 2, 2, 50, 9, 103
8, -1, 8, 2, 2, 51, 13, 105
8, -1, 8, 2, 2, 52, 17, 107
8, -1, 8, 2, 2, 53, 21, 109
8, -1, 8, 2, 2, 54, 25, 111
8, -1, 8, 2, 2, 55, 29, 113
8, -1, 8, 2, 2, 56, 33, 115
8, -1, 8, 2, 2, 57, 40, 117
8, -1, 8, 2, 2, 58, 36, 119
8, -1, 8, 2, 2, 59, 32, 121
8, -1, 8, 2, 2, 60, 28, 123
8, -1, 8, 2, 2, 61, 24, 125
8, -1, 8, 2, 2, 62, 20, 127
8, -1, 8, 2, 2, 63, 16, 129
8, -1, 8, 2, 2, 64, 4, 128
8, -1, 8, 2, 2, 65, 8, 126
8, -1, 8, 2, 2, 66, 12, 124
8, -1, 8, 2, 2, 67, 2, 122
8, -1, 8, 2, 2, 68, 6, 120
8, -1, 8, 2, 2, 69, 10, 118
8, -1, 8, 2, 2, 70, 14, 116
8, -1, 8, 2, 2, 71, 18, 114
8, -1, 8, 2, 2, 72, 22, 112
8, -1, 8, 2, 2, 73, 26, 110
8, -1, 8, 2, 2, 74, 30, 108
8, -1, 8, 2, 2, 75, 34, 106
8, -1, 8, 2, 2, 76, 38, 104
8, -1, 8, 2, 2, 77, 42, 102
8, -1, 8, 2, 2, 78, 46, 100
8, -1, 8, 2, 2, 79, 50, 98
8, -1, 8, 2, 2, 80, 54, 96
8, -1, 8, 2, 2, 81, 58, 94
8, -1, 8, 2, 2, 82, 62, 92
8, -1, 8, 2, 2, 83, 64, 90
8, -1, 8, 2, 2, 84, 60, 88
8, -1, 8, 2, 2, 85, 56, 86
8, -1, 8, 2, 2, 86, 52, 84
8, -1, 8, 2, 2, 87, 48, 82
8, -1, 8, 2, 2, 88, 44, 80
8, -1, 8, 2, 2, 89, 37, 78
8, -1, 8, 2, 2, 90, 41, 76
8, -1, 8, 2, 2, 91, 45, 74
8, -1, 8, 2, 2, 92, 49, 72
8, -1, 8, 2, 2, 93, 53, 70
8, -1, 8, 2, 2, 94, 57, 68
8, -1, 8, 2, 2, 95, 61, 66
8, -1, 8, 2, 2, 96, 65, 64
8, -1, 8, 2, 2, 97, 69, 62
8, -1, 8, 2, 2, 98, 73, 60
8, -1, 8, 2, 2, 99, 77, 58
8, -1, 8, 2, 2, 100, 81, 56
8, -1, 8, 2, 2, 101, 85, 54
8, -1, 8, 2, 2, 102, 89, 52
8, -1, 8, 2, 2, 103, 92, 50
8, -1, 8, 2, 2, 104, 88, 48
8, -1, 8, 2, 2, 105, 84, 46
8, -1, 8, 2, 2, 106, 80, 44
8, -1, 8, 2, 2, 107, 76, 42
8, -1, 8, 2, 2, 108, 72, 40
8, -1, 8, 2, 2, 109, 68, 38
8, -1, 8, 2, 2, 110, 66, 36
8, -1, 8, 2, 2, 111, 70, 34
8, -1, 8, 2, 2, 112, 74, 32
8, -1, 8, 2, 2, 113, 78, 30
8, -1, 8, 2, 2, 114, 82, 28
8, -1, 8, 2, 2, 115, 86, 26
8, -1, 8, 2, 2, 116, 90, 24
8, -1, 8, 2, 2, 117, 94, 22
8, -1, 8, 2, 2, 118, 98, 20
8, -1, 8, 2, 2, 119, 102, 18
8, -1, 8, 2, 2, 120, 106, 16
8, -1, 8, 2, 2, 121, 110, 14
8, -1, 8, 2, 2, 122, 114, 12
8, -1, 8, 2, 2, 123, 118, 10
8, -1, 8, 2, 2, 124, 122, 8
8, -1, 8, 2, 2, 125, 126, 6
8, -1, 8, 2, 2, 126, 120, 4
8, -1, 8, 2, 2, 127, 128, 2
9, -1, 7, 2, 2, 0, 124, 3
9, -1, 7, 2, 2, 1, 116, 5
9, -1, 7, 2, 2, 2, 112, 7
9, -1, 7, 2, 2, 3, 108, 9
9, -1, 7, 2, 2, 4, 104, 11
9, -1, 7, 2, 2, 5, 100, 13
9, -1, 7, 2, 2, 6, 96, 15
9, -1, 7, 2, 2, 7, 93, 17
9, -1, 7, 2, 2, 8, 97, 19
9, -1, 7, 2, 2, 9, 101, 21
9, -1, 7, 2, 2, 10, 105, 23
9, -1, 7, 2, 2, 11, 109, 25
9, -1, 7, 2, 2, 12, 113, 27
9, -1, 7, 2, 2, 13, 117, 29
9, -1, 7, 2, 2, 14, 121, 31
9, -1, 7, 2, 2, 15, 125, 33
9, -1, 7, 2, 2, 16, 127, 35
9, -1, 7, 2, 2, 17, 123, 37
9, -1, 7, 2, 2, 18, 119, 39
9, -1, 7, 2, 2, 19, 115, 41
9, -1, 7, 2, 2, 20, 111, 43
9, -1, 7, 2, 2, 21, 107, 45
9, -1, 7, 2, 2, 22, 103, 47
9, -1, 7, 2, 2, 23, 99, 49
9, -1, 7, 2, 2, 24, 95, 51
9, -1, 7, 2, 2, 25, 91, 53
9, -1, 7, 2, 2, 26, 87, 55
9, -1, 7, 2, 2, 27, 83, 57
9, -1, 7, 2, 2, 28, 79, 59
9, -1, 7, 2, 2, 29, 75, 61
9, -1, 7, 2, 2, 30, 71, 63
9, -1, 7, 2, 2, 31, 67, 65
9, -1, 7, 2, 2, 32, 63, 67
9, -1, 7, 2, 2, 33, 59, 69
9, -1, 7, 2, 2, 34, 55, 71
9, -1, 7, 2, 2, 35, 51, 73
9, -1, 7, 2, 2, 36, 47, 75
9, -1, 7, 2, 2, 37, 43, 77
9, -1, 7, 2, 2, 38, 39, 79
9, -1, 7, 2, 2, 39, 35, 81
9, -1, 7, 2, 2, 40, 31, 83
9, -1, 7, 2, 2, 41, 27, 85
9, -1, 7, 2, 2, 42, 23, 87
9, -1, 7, 2, 2, 43, 19, 89
9, -1, 7, 2, 2, 44, 15, 91
9, -1, 7, 2, 2, 45, 11, 93
9, -1, 7, 2, 2, 46, 7, 95
9, -1, 7, 2, 2, 47, 3, 97
9, -1, 7, 2, 2, 48, 1, 99
9, -1, 7, 2, 2, 49, 5, 101
9, -1, 7, 2, 2, 50, 9, 103
9, -1, 7, 2, 2, 51, 13, 105
9, -1, 7, 2, 2, 52, 17, 107
9, -1, 7, 2, 2, 53, 21, 109
9, -1, 7, 2, 2, 54, 25, 111
9, -1, 7, 2, 2, 55, 29, 113
9, -1, 7, 2, 2, 56, 33, 115
9, -1, 7, 2, 2, 57, 40, 117
9, -1, 7, 2, 2, 58, 36, 119
9, -1, 7, 2, 2, 59, 32, 121
9, -1, 7, 2, 2, 60, 28, 123
9, -1, 7, 2, 2, 61, 24, 125
9, -1, 7, 2, 2, 62, 20, 127
9, -1, 7, 2, 2, 63, 16, 129
9, -1, 7, 2, 2, 64, 4, 128
9, -1, 7, 2, 2, 65, 8, 126
9, -1, 7, 2, 2, 66, 12, 124
9, -1, 7, 2, 2, 67, 2, 122
9, -1, 7, 2, 2, 68, 6, 120
9, -1, 7, 2, 2, 69, 10, 118
9, -1, 7, 2, 2, 70, 14, 116
9, -1, 7, 2, 2, 71, 18, 114
9, -1, 7, 2, 2, 72, 22, 112
9, -1, 7, 2, 2, 73, 26, 110
9, -1, 7, 2, 2, 74, 30, 108
9, -1, 7, 2, 2, 75, 34, 106
9, -1, 7, 2, 2, 76, 38, 104
9, -1, 7, 2, 2, 77, 42, 102
9, -1, 7, 2, 2, 78, 46, 100
9, -1, 7, 2, 2, 79, 50, 98
9, -1, 7, 2, 2, 80, 54, 96
9, -1, 7, 2, 2, 81, 58, 94
9, -1, 7, 2, 2, 82, 62, 92
9, -1, 7, 2, 2, 83, 64, 90
9, -1, 7, 2, 2, 84, 60, 88
9, -1, 7, 2, 2, 85, 56, 86
9, -1, 7, 2, 2, 86, 52, 84
9, -1, 7, 2, 2, 87, 48, 82
9, -1, 7, 2, 2, 88, 44, 80
9, -1, 7, 2, 2, 89, 37, 78
9, -1, 7, 2, 2, 90, 41, 76
9, -1, 7, 2, 2, 91, 45, 74
9, -1, 7, 2, 2, 92, 49, 72
9, -1, 7, 2, 2, 93, 53, 70
9, -1, 7, 2, 2, 94, 57, 68
9, -1, 7, 2, 2, 95, 61, 66
9, -1, 7, 2, 2, 96, 65, 64
9, -1, 7, 2, 2, 97, 69, 62
9, -1, 7, 2, 2, 98, 73, 60
9, -1, 7, 2, 2, 99, 77, 58
9, -1, 7, 2, 2, 100, 81, 56
9, -1, 7, 2, 2, 101, 85, 54
9, -1, 7, 2, 2, 102, 89, 52
9, -1, 7, 2, 2, 103, 92, 50
9, -1, 7, 2, 2, 104, 88, 48
9, -1, 7, 2, 2, 105, 84, 46
9, -1, 7, 2, 2, 106, 80, 44
9, -1, 7, 2, 2, 107, 76, 42
9, -1, 7, 2, 2, 108, 72, 40
9, -1, 7, 2, 2, 109, 68, 38
9, -1, 7, 2, 2, 110, 66, 36
9, -1, 7, 2, 2, 111, 70, 34
9, -1, 7, 2, 2, 112, 74, 32
9, -1, 7, 2, 2, 113, 78, 30
9, -1, 7, 2, 2, 114, 82, 28
9, -1, 7, 2, 2, 115, 86, 26
9, -1, 7, 2, 2, 116, 90, 24
9, -1, 7, 2, 2, 117, 94, 22
9, -1, 7, 2, 2, 118, 98, 20
9, -1, 7, 2, 2, 119, 102, 18
9, -1, 7, 2, 2, 120, 106, 16
9, -1, 7, 2, 2, 121, 110, 14
9, -1, 7, 2, 2, 122, 114, 12
9, -1, 7, 2, 2, 123, 118, 10
9, -1, 7, 2, 2, 124, 122, 8
9, -1, 7, 2, 2, 125, 126, 6
9, -1, 7, 2, 2, 126, 120, 4
9, -1, 7, 2, 2, 127, 128, 2
10, -1, 6, 2, 2, 0, 124, 3
10, -1, 6, 2, 2, 1, 116, 5
10, -1, 6, 2, 2, 2, 112, 7
10, -1, 6, 2, 2, 3, 108, 9
10, -1, 6, 2, 2, 4, 104, 11
10, -1, 6, 2, 2, 5, 100, 13
10, -1, 6, 2, 2, 6, 96, 15
10, -1, 6, 2, 2, 7, 93, 17
10, -1, 6, 2, 2, 8, 97, 19
10, -1, 6, 2, 2, 9, 101, 21
10, -1, 6, 2, 2, 10, 105, 23
10, -1, 6, 2, 2, 11, 109, 25
10, -1, 6, 2, 2, 12, 113, 27
10, -1, 6, 2, 2, 13, 117, 29
10, -1, 6, 2, 2, 14, 121, 31
10, -1, 6, 2, 2, 15, 125, 33
10, -1, 6, 2, 2, 16, 127, 35
10, -1, 6, 2, 2, 17, 123, 37
10, -1, 6, 2, 2, 18, 119, 39
10, -1, 6, 2, 2, 19, 115, 41
10, -1, 6, 2, 2, 20, 111, 43
10, -1, 6, 2, 2, 21, 107, 45
10, -1, 6, 2, 2, 22, 103, 47
10, -1, 6, 2, 2, 23, 99, 49
10, -1, 6, 2, 2, 24, 95, 51
10, -1, 6, 2, 2, 25, 91, 53
10, -1, 6, 2, 2, 26, 87, 55
10, -1, 6, 2, 2, 27, 83, 57
10, -1, 6, 2, 2, 28, 79, 59
10, -1, 6, 2, 2, 29, 75, 61
10, -1, 6, 2, 2, 30, 71, 63
10, -1, 6, 2, 2, 31, 67, 65
10, -1, 6, 2, 2, 32, 63, 67
10, -1, 6, 2, 2, 33, 59, 69
10, -1, 6, 2, 2, 34, 55, 71
10, -1, 6, 2, 2, 35, 51, 73
10, -1, 6, 2, 2, 36, 47, 75
10, -1, 6, 2, 2, 37, 43, 77
10, -1, 6, 2, 2, 38, 39, 79
10, -1, 6, 2, 2, 39, 35, 81
10, -1, 6, 2, 2, 40, 31, 83
10, -1, 6, 2, 2, 41, 27, 85
10, -1, 6, 2, 2, 42, 23, 87
10, -1, 6, 2, 2, 43, 19, 89
10, -1, 6, 2, 2, 44, 15, 91
10, -1, 6, 2, 2, 45, 11, 93
10, -1, 6, 2, 2, 46, 7, 95
10, -1, 6, 2, 2, 47, 3, 97
10, -1, 6, 2, 2, 48, 1, 99
10, -1, 6, 2, 2, 49, 5, 101
10, -1, 6, 2, 2, 50, 9, 103
10, -1, 6, 2, 2, 51, 13, 105
10, -1, 6, 2, 2, 52, 17, 107
10, -1, 6, 2, 2, 53, 21, 109
10, -1, 6, 2, 2, 54, 25, 111
10, -1, 6, 2, 2, 55, 29, 113
10, -1, 6, 2, 2, 56, 33, 115
10, -1, 6, 2, 2, 57, 40, 117
10, -1, 6, 2, 2, 58, 36, 119
10, -1, 6, 2, 2, 59, 32, 121
10, -1, 6, 2, 2, 60, 28, 123
10, -1, 6, 2, 2, 61, 24, 125
10, -1, 6, 2, 2, 62, 20, 127
10, -1, 6, 2, 2, 63, 16, 129
10, -1, 6, 2, 2, 64, 4, 128
10, -1, 6, 2, 2, 65, 8, 126
10, -1, 6, 2, 2, 66, 12, 124
10, -1, 6, 2, 2, 67, 2, 122
10, -1, 6, 2, 2, 68, 6, 120
10, -1, 6, 2, 2, 69, 10, 118
10, -1, 6, 2, 2, 70, 14, 116
10, -1, 6, 2, 2, 71, 18, 114
10, -1, 6, 2, 2, 72, 22, 112
10, -1, 6, 2, 2, 73, 26, 110
10, -1, 6, 2, 2, 74, 30, 108
10, -1, 6, 2, 2, 75, 34, 106
10, -1, 6, 2, 2, 76, 38, 104
10, -1, 6, 2, 2, 77, 42, 102
10, -1, 6, 2, 2, 78, 46, 100
10, -1, 6, 2, 2, 79, 50, 98
10, -1, 6, 2, 2, 80, 54, 96
10, -1, 6, 2, 2, 81, 58, 94
10, -1, 6, 2, 2, 82, 62, 92
10, -1, 6, 2, 2, 83, 64, 90
10, -1, 6, 2, 2, 84, 60, 88
10, -1, 6, 2, 2, 85, 56, 86
10, -1, 6, 2, 2, 86, 52, 84
10, -1, 6, 2, 2, 87, 48, 82
10, -1, 6, 2, 2, 88, 44, 80
10, -1, 6, 2, 2, 89, 37, 78
10, -1, 6, 2, 2, 90, 41, 76
10, -1, 6, 2, 2, 91, 45, 74
10, -1, 6, 2, 2, 92, 49, 72
10, -1, 6, 2, 2, 93, 53, 70
10, -1, 6, 2, 2, 94, 57, 68
10, -1, 6, 2, 2, 95, 61, 66
10, -1, 6, 2, 2, 96, 65, 64
10, -1, 6, 2, 2, 97, 69, 62
10, -1, 6, 2, 2, 98, 73, 60
10, -1, 6, 2, 2, 99, 77, 58
10, -1, 6, 2, 2, 100, 81, 56
10, -1, 6, 2, 2, 101, 85, 54
10, -1, 6, 2, 2, 102, 89, 52
10, -1, 6, 2, 2, 103, 92, 50
10, -1, 6, 2, 2, 104, 88, 48
10, -1, 6, 2, 2, 105, 84, 46
10, -1, 6, 2, 2, 106, 80, 44
10, -1, 6, 2, 2, 107, 76, 42
10, -1, 6, 2, 2, 108, 72, 40
10, -1, 6, 2, 2, 109, 68, 38
10, -1, 6, 2, 2, 110, 66, 36
10, -1, 6, 2, 2, 111, 70, 34
10, -1, 6, 2, 2, 112, 74, 32
10, -1, 6, 2, 2, 113, 78, 30
10, -1, 6, 2, 2, 114, 82, 28
10, -1, 6, 2, 2, 115, 86, 26
10, -1, 6, 2, 2, 116, 90, 24
10, -1, 6, 2, 2, 117, 94, 22
10, -1, 6, 2, 2, 118, 98, 20
10, -1, 6, 2, 2, 119, 102, 18
10, -1, 6, 2, 2, 120, 106, 16
10, -1, 6, 2, 2, 121, 110, 14
10, -1, 6, 2, 2, 122, 114, 12
10, -1, 6, 2, 2, 123, 118, 10
10, -1, 6, 2, 2, 124, 122, 8
10, -1, 6, 2, 2, 125, 126, 6
10, -1, 6, 2, 2, 126, 120, 4
10, -1, 6, 2, 2, 127, 128, 2
11, -1, 5, 2, 2, 0, 124, 3
11, -1, 5, 2, 2, 1, 116, 5
11, -1, 5, 2, 2, 2, 112, 7
11, -1, 5, 2, 2, 3, 108, 9
11, -1, 5, 2, 2, 4, 104, 11
11, -1, 5, 2, 2, 5, 100, 13
11, -1, 5, 2, 2, 6, 96, 15
11, -1, 5, 2, 2, 7, 93, 17
11, -1, 5, 2, 2, 8, 97, 19
11, -1, 5, 2, 2, 9, 101, 21
11, -1, 5, 2, 2, 10, 105, 23
11, -1, 5, 2, 2, 11, 109, 25
11, -1, 5, 2, 2, 12, 113, 27
11, -1, 5, 2, 2, 13, 117, 29
11, -1, 5, 2, 2, 14, 121, 31
11, -1, 5, 2, 2, 15, 125, 33
11, -1, 5, 2, 2, 16, 127, 35
11, -1, 5, 2, 2, 17, 123, 37
11, -1, 5, 2, 2, 18, 119, 39
11, -1, 5, 2, 2, 19, 115, 41
11, -1, 5, 2, 2, 20, 111, 43
11, -1, 5, 2, 2, 21, 107, 45
11, -1, 5, 2, 2, 22, 103, 47
11, -1, 5, 2, 2, 23, 99, 49
11, -1, 5, 2, 2, 24, 95, 51
11, -1, 5, 2, 2, 25, 91, 53
11, -1, 5, 2, 2, 26, 87, 55
11, -1, 5, 2, 2, 27, 83, 57
11, -1, 5, 2, 2, 28, 79, 59
11, -1, 5, 2, 2, 29, 75, 61
11, -1, 5, 2, 2, 30, 71, 63
11, -1, 5, 2, 2, 31, 67, 65
11, -1, 5, 2, 2, 32, 63, 67
11, -1, 5, 2, 2, 33, 59, 69
11, -1, 5, 2, 2, 34, 55, 71
11, -1, 5, 2, 2, 35, 51, 73
11, -1, 5, 2, 2, 36, 47, 75
11, -1, 5, 2, 2, 37, 43, 77
11, -1, 5, 2, 2, 38, 39, 79
11, -1, 5, 2, 2, 39, 35, 81
11, -1, 5, 2, 2, 40, 31, 83
11, -1, 5, 2, 2, 41, 27, 85
11, -1, 5, 2, 2, 42, 23, 87
11, -1, 5, 2, 2, 43, 19, 89
11, -1, 5, 2, 2, 44, 15, 91
11, -1, 5, 2, 2, 45, 11, 93
11, -1, 5, 2, 2, 46, 7, 95
11, -1, 5, 2, 2, 47, 3, 97
11, -1, 5, 2, 2, 48, 1, 99
11, -1, 5, 2, 2, 49, 5, 101
11, -1, 5, 2, 2, 50, 9, 103
11, -1, 5, 2, 2, 51, 13, 105
11, -1, 5, 2, 2, 52, 17, 107
11, -1, 5, 2, 2, 53, 21, 109
11, -1, 5, 2, 2, 54, 25, 111
11, -1, 5, 2, 2, 55, 29, 113
11, -1, 5, 2, 2, 56, 33, 115
11, -1, 5, 2, 2, 57, 40, 117
11, -1, 5, 2, 2, 58, 36, 119
11, -1, 5, 2, 2, 59, 32, 121
11, -1, 5, 2, 2, 60, 28, 123
11, -1, 5, 2, 2, 61, 24, 125
11, -1, 5, 2, 2, 62, 20, 127
11, -1, 5, 2, 2, 63, 16, 129
11, -1, 5, 2, 2, 64, 4, 128
11, -1, 5, 2, 2, 65, 8, 126
11, -1, 5, 2, 2, 66, 12, 124
11, -1, 5, 2, 2, 67, 2, 122
11, -1, 5, 2, 2, 68, 6, 120
11, -1, 5, 2, 2, 69, 10, 118
11, -1, 5, 2, 2, 70, 14, 116
11, -1, 5, 2, 2, 71, 18, 114
11, -1, 5, 2, 2, 72, 22, 112
11, -1, 5, 2, 2, 73, 26, 110
11, -1, 5, 2, 2, 74, 30, 108
11, -1, 5, 2, 2, 75, 34, 106
11, -1, 5, 2, 2, 76, 38, 104
11, -1, 5, 2, 2, 77, 42, 102
11, -1, 5, 2, 2, 78, 46, 100
11, -1, 5, 2, 2, 79, 50, 98
11, -1, 5, 2, 2, 80, 54, 96
11, -1, 5, 2, 2, 81, 58, 94
11, -1, 5, 2, 2, 82, 62, 92
11, -1, 5, 2, 2, 83, 64, 90
11, -1, 5, 2, 2, 84, 60, 88
11, -1, 5, 2, 2, 85, 56, 86
11, -1, 5, 2, 2, 86, 52, 84
11, -1, 5, 2, 2, 87, 48, 82
11, -1, 5, 2, 2, 88, 44, 80
11, -1, 5, 2, 2, 89, 37, 78
11, -1, 5, 2, 2, 90, 41, 76
11, -1, 5, 2, 2, 91, 45, 74
11, -1, 5, 2, 2, 92, 49, 72
11, -1, 5, 2, 2, 93, 53, 70
11, -1, 5, 2, 2, 94, 57, 68
11, -1, 5, 2, 2, 95, 61, 66
11, -1, 5, 2, 2, 96, 65, 64
11, -1, 5, 2, 2, 97, 69, 62
11, -1, 5, 2, 2, 98, 73, 60
11, -1, 5, 2, 2, 99, 77, 58
11, -1, 5, 2, 2, 100, 81, 56
11, -1, 5, 2, 2, 101, 85, 54
11, -1, 5, 2, 2, 102, 89, 52
11, -1, 5, 2, 2, 103, 92, 50
11, -1, 5, 2, 2, 104, 88, 48
11, -1, 5, 2, 2, 105, 84, 46
11, -1, 5, 2, 2, 106, 80, 44
11, -1, 5, 2, 2, 107, 76, 42
11, -1, 5, 2, 2, 108, 72, 40
11, -1, 5, 2, 2, 109, 68, 38
11, -1, 5, 2, 2, 110, 66, 36
11, -1, 5, 2, 2, 111, 70, 34
11, -1, 5, 2, 2, 112, 74, 32
11, -1, 5, 2, 2, 113, 78, 30
11, -1, 5, 2, 2, 114, 82, 28
11, -1, 5, 2, 2, 115, 86, 26
11, -1, 5, 2, 2, 116, 90, 24
11, -1, 5, 2, 2, 117, 94, 22
11, -1, 5, 2, 2, 118, 98, 20
11, -1, 5, 2, 2, 119, 102, 18
11, -1, 5, 2, 2, 120, 106, 16
11, -1, 5, 2, 2, 121, 110, 14
11, -1, 5, 2, 2, 122, 114, 12
11, -1, 5, 2, 2, 123, 118, 10
11, -1, 5, 2, 2, 124, 122, 8
11, -1, 5, 2, 2, 125, 126, 6
11, -1, 5, 2, 2, 126, 120, 4
11, -1, 5, 2, 2, 127, 128, 2
12, -1, 4, 2, 2, 0, 124, 129
12, -1, 4, 2, 2, 1, 116, 127
12, -1, 4, 2, 2, 2, 112, 125
12, -1, 4, 2, 2, 3, 108, 123
12, -1, 4, 2, 2, 4, 104, 121
12, -1, 4, 2, 2, 5, 100, 119
12, -1, 4, 2, 2, 6, 96, 117
12, -1, 4, 2, 2, 7, 93, 115
12, -1, 4, 2, 2, 8, 97, 113
12, -1, 4, 2, 2, 9, 101, 111
12, -1, 4, 2, 2, 10, 105, 109
12, -1, 4, 2, 2, 11, 109, 107
12, -1, 4, 2, 2, 12, 113, 105
12, -1, 4, 2, 2, 13, 117, 103
12, -1, 4, 2, 2, 14, 121, 101
12, -1, 4, 2, 2, 15, 125, 99
12, -1, 4, 2, 2, 16, 127, 97
12, -1, 4, 2, 2, 17, 123, 95
12, -1, 4, 2, 2, 18, 119, 93
12, -1, 4, 2, 2, 19, 115, 91
12, -1, 4, 2, 2, 20, 111, 89
12, -1, 4, 2, 2, 21, 107, 87
12, -1, 4, 2, 2, 22, 103, 85
12, -1, 4, 2, 2, 23, 99, 83
12, -1, 4, 2, 2, 24, 95, 81
12, -1, 4, 2, 2, 25, 91, 79
12, -1, 4, 2, 2, 26, 87, 77
12, -1, 4, 2, 2, 27, 83, 75
12, -1, 4, 2, 2, 28, 79, 73
12, -1, 4, 2, 2, 29, 75, 71
12, -1, 4, 2, 2, 30, 71, 69
12, -1, 4, 2, 2, 31, 67, 67
12, -1, 4, 2, 2, 32, 63, 65
12, -1, 4, 2, 2, 33, 59, 63
12, -1, 4, 2, 2, 34, 55, 61
12, -1, 4, 2, 2, 35, 51, 59
12, -1, 4, 2, 2, 36, 47, 57
12, -1, 4, 2, 2, 37, 43, 55
12, -1, 4, 2, 2, 38, 39, 53
12, -1, 4, 2, 2, 39, 35, 51
12, -1, 4, 2, 2, 40, 31, 49
12, -1, 4, 2, 2, 41, 27, 47
12, -1, 4, 2, 2, 42, 23, 45
12, -1, 4, 2, 2, 43, 19, 43
12, -1, 4, 2, 2, 44, 15, 41
12, -1, 4, 2, 2, 45, 11, 39
12, -1, 4, 2, 2, 46, 7, 37
12, -1, 4, 2, 2, 47, 3, 35
12, -1, 4, 2, 2, 48, 1, 33
12, -1, 4, 2, 2, 49, 5, 31
12, -1, 4, 2, 2, 50, 9, 29
12, -1, 4, 2, 2, 51, 13, 27
12, -1, 4, 2, 2, 52, 17, 25
12, -1, 4, 2, 2, 53, 21, 23
12, -1, 4, 2, 2, 54, 25, 21
12, -1, 4, 2, 2, 55, 29, 19
12, -1, 4, 2, 2, 56, 33, 17
12, -1, 4, 2, 2, 57, 40, 15
12, -1, 4, 2, 2, 58, 36, 13
12, -1, 4, 2, 2, 59, 32, 11
12, -1, 4, 2, 2, 60, 28, 9
12, -1, 4, 2, 2, 61, 24, 7
12, -1, 4, 2, 2, 62, 20, 5
12, -1, 4, 2, 2, 63, 16, 3
12, -1, 4, 2, 2, 64, 4, 2
12, -1, 4, 2, 2, 65, 8, 4
12, -1, 4, 2, 2, 66, 12, 6
12, -1, 4, 2, 2, 67, 2, 8
12, -1, 4, 2, 2, 68, 6, 10
12, -1, 4, 2, 2, 69, 10, 12
12, -1, 4, 2, 2, 70, 14, 14
12, -1, 4, 2, 2, 71, 18, 16
12, -1, 4, 2, 2, 72, 22, 18
12, -1, 4, 2, 2, 73, 26, 20
12, -1, 4, 2, 2, 74, 30, 22
12, -1, 4, 2, 2, 75, 34, 24
12, -1, 4, 2, 2, 76, 38, 26
12, -1, 4, 2, 2, 77, 42, 28
12, -1, 4, 2, 2, 78, 46, 30
12, -1, 4, 2, 2, 79, 50, 32
12, -1, 4, 2, 2, 80, 54, 34
12, -1, 4, 2, 2, 81, 58, 36
12, -1, 4, 2, 2, 82, 62, 38
12, -1, 4, 2, 2, 83, 64, 40
12, -1, 4, 2, 2, 84, 60, 42
12, -1, 4, 2, 2, 85, 56, 44
12, -1, 4, 2, 2, 86, 52, 46
12, -1, 4, 2, 2, 87, 48, 48
12, -1, 4, 2, 2, 88, 44, 50
12, -1, 4, 2, 2, 89, 37, 52
12, -1, 4, 2, 2, 90, 41, 54
12, -1, 4, 2, 2, 91, 45, 56
12, -1, 4, 2, 2, 92, 49, 58
12, -1, 4, 2, 2, 93, 53, 60
12, -1, 4, 2, 2, 94, 57, 62
12, -1, 4, 2, 2, 95, 61, 64
12, -1, 4, 2, 2, 96, 65, 66
12, -1, 4, 2, 2, 97, 69, 68
12, -1, 4, 2, 2, 98, 73, 70
12, -1, 4, 2, 2, 99, 77, 72
12, -1, 4, 2, 2, 100, 81, 74
12, -1, 4, 2, 2, 101, 85, 76
12, -1, 4, 2, 2, 102, 89, 78
12, -1, 4, 2, 2, 103, 92, 80
12, -1, 4, 2, 2, 104, 88, 82
12, -1, 4, 2, 2, 105, 84, 84
12, -1, 4, 2, 2, 106, 80, 86
12, -1, 4, 2, 2, 107, 76, 88
12, -1, 4, 2, 2, 108, 72, 90
12, -1, 4, 2, 2, 109, 68, 92
12, -1, 4, 2, 2, 110, 66, 94
12, -1, 4, 2, 2, 111, 70, 96
12, -1, 4, 2, 2, 112, 74, 98
12, -1, 4, 2, 2, 113, 78, 100
12, -1, 4, 2, 2, 114, 82, 102
12, -1, 4, 2, 2, 115, 86, 104
12, -1, 4, 2, 2, 116, 90, 106
12, -1, 4, 2, 2, 117, 94, 108
12, -1, 4, 2, 2, 118, 98, 110
12, -1, 4, 2, 2, 119, 102, 112
12, -1, 4, 2, 2, 120, 106, 114
12, -1, 4, 2, 2, 121, 110, 116
12, -1, 4, 2, 2, 122, 114, 118
12, -1, 4, 2, 2, 123, 118, 120
12, -1, 4, 2, 2, 124, 122, 122
12, -1, 4, 2, 2, 125, 126, 124
12, -1, 4, 2, 2, 126, 120, 126
12, -1, 4, 2, 2, 127, 128, 128
13, -1, 3, 2, 2, 0, 124, 3
13, -1, 3, 2, 2, 1, 116, 5
13, -1, 3, 2, 2, 2, 112, 7
13, -1, 3, 2, 2, 3, 108, 9
13, -1, 3, 2, 2, 4, 104, 11
13, -1, 3, 2, 2, 5, 100, 13
13, -1, 3, 2, 2, 6, 96, 15
13, -1, 3, 2, 2, 7, 93, 17
13, -1, 3, 2, 2, 8, 97, 19
13, -1, 3, 2, 2, 9, 101, 21
13, -1, 3, 2, 2, 10, 105, 23
13, -1, 3, 2, 2, 11, 109, 25
13, -1, 3, 2, 2, 12, 113, 27
13, -1, 3, 2, 2, 13, 117, 29
13, -1, 3, 2, 2, 14, 121, 31
13, -1, 3, 2, 2, 15, 125, 33
13, -1, 3, 2, 2, 16, 127, 35
13, -1, 3, 2, 2, 17, 123, 37
13, -1, 3, 2, 2, 18, 119, 39
13, -1, 3, 2, 2, 19, 115, 41
13, -1, 3, 2, 2, 20, 111, 43
13, -1, 3, 2, 2, 21, 107, 45
13, -1, 3, 2, 2, 22, 103, 47
13, -1, 3, 2, 2, 23, 99, 49
13, -1, 3, 2, 2, 24, 95, 51
13, -1, 3, 2, 2, 25, 91, 53
13, -1, 3, 2, 2, 26, 87, 55
13, -1, 3, 2, 2, 27, 83, 57
13, -1, 3, 2, 2, 28, 79, 59
13, -1, 3, 2, 2, 29, 75, 61
13, -1, 3, 2, 2, 30, 71, 63
13, -1, 3, 2, 2, 31, 67, 65
13, -1, 3, 2, 2, 32, 63, 67
13, -1, 3, 2, 2, 33, 59, 69
13, -1, 3, 2, 2, 34, 55, 71
13, -1, 3, 2, 2, 35, 51, 73
13, -1, 3, 2, 2, 36, 47, 75
13, -1, 3, 2, 2, 37, 43, 77
13, -1, 3, 2, 2, 38, 39, 79
13, -1, 3, 2, 2, 39, 35, 81
13, -1, 3, 2, 2, 40, 31, 83
13, -1, 3, 2, 2, 41, 27, 85
13, -1, 3, 2, 2, 42, 23, 87
13, -1, 3, 2, 2, 43, 19, 89
13, -1, 3, 2, 2, 44, 15, 91
13, -1, 3, 2, 2, 45, 11, 93
13, -1, 3, 2, 2, 46, 7, 95
13, -1, 3, 2, 2, 47, 3, 97
13, -1, 3, 2, 2, 48, 1, 99
13, -1, 3, 2, 2, 49, 5, 101
13, -1, 3, 2, 2, 50, 9, 103
13, -1, 3, 2, 2, 51, 13, 105
13, -1, 3, 2, 2, 52, 17, 107
13, -1, 3, 2, 2, 53, 21, 109
13, -1, 3, 2, 2, 54, 25, 111
13, -1, 3, 2, 2, 55, 29, 113
13, -1, 3, 2, 2, 56, 33, 115
13, -1, 3, 2, 2, 57, 40, 117
13, -1, 3, 2, 2, 58, 36, 119
13, -1, 3, 2, 2, 59, 32, 121
13, -1, 3, 2, 2, 60, 28, 123
13, -1, 3, 2, 2, 61, 24, 125
13, -1, 3, 2, 2, 62, 20, 127
13, -1, 3, 2, 2, 63, 16, 129
13, -1, 3, 2, 2, 64, 4, 128
13, -1, 3, 2, 2, 65, 8, 126
13, -1, 3, 2, 2, 66, 12, 124
13, -1, 3, 2, 2, 67, 2, 122
13, -1, 3, 2, 2, 68, 6, 120
13, -1, 3, 2, 2, 69, 10, 118
13, -1, 3, 2, 2, 70, 14, 116
13, -1, 3, 2, 2, 71, 18, 114
13, -1, 3, 2, 2, 72, 22, 112
13, -1, 3, 2, 2, 73, 26, 110
13, -1, 3, 2, 2, 74, 30, 108
13, -1, 3, 2, 2, 75, 34, 106
13, -1, 3, 2, 2, 76, 38, 104
13, -1, 3, 2, 2, 77, 42, 102
13, -1, 3, 2, 2, 78, 46, 100
13, -1, 3, 2, 2, 79, 50, 98
13, -1, 3, 2, 2, 80, 54, 96
13, -1, 3, 2, 2, 81, 58, 94
13, -1, 3, 2, 2, 82, 62, 92
13, -1, 3, 2, 2, 83, 64, 90
13, -1, 3, 2, 2, 84, 60, 88
13, -1, 3, 2, 2, 85, 56, 86
13, -1, 3, 2, 2, 86, 52, 84
13, -1, 3, 2, 2, 87, 48, 82
13, -1, 3, 2, 2, 88, 44, 80
13, -1, 3, 2, 2, 89, 37, 78
13, -1, 3, 2, 2, 90, 41, 76
13, -1, 3, 2, 2, 91, 45, 74
13, -1, 3, 2, 2, 92, 49, 72
13, -1, 3, 2, 2, 93, 53, 70
13, -1, 3, 2, 2, 94, 57, 68
13, -1, 3, 2, 2, 95, 61, 66
13, -1, 3, 2, 2, 96, 65, 64
13, -1, 3, 2, 2, 97, 69, 62
13, -1, 3, 2, 2, 98, 73, 60
13, -1, 3, 2, 2, 99, 77, 58
13, -1, 3, 2, 2, 100, 81, 56
13, -1, 3, 2, 2, 101, 85, 54
13, -1, 3, 2, 2, 102, 89, 52
13, -1, 3, 2, 2, 103, 92, 50
13, -1, 3, 2, 2, 104, 88, 48
13, -1, 3, 2, 2, 105, 84, 46
13, -1, 3, 2, 2, 106, 80, 44
13, -1, 3, 2, 2, 107, 76, 42
13, -1, 3, 2, 2, 108, 72, 40
13, -1, 3, 2, 2, 109, 68, 38
13, -1, 3, 2, 2, 110, 66, 36
13, -1, 3, 2, 2, 111, 70, 34
13, -1, 3, 2, 2, 112, 74, 32
13, -1, 3, 2, 2, 113, 78, 30
13, -1, 3, 2, 2, 114, 82, 28
13, -1, 3, 2, 2, 115, 86, 26
13, -1, 3, 2, 2, 116, 90, 24
13, -1, 3, 2, 2, 117, 94, 22
13, -1, 3, 2, 2, 118, 98, 20
13, -1, 3, 2, 2, 119, 102, 18
13, -1, 3, 2, 2, 120, 106, 16
13, -1, 3, 2, 2, 121, 110, 14
13, -1, 3, 2, 2, 122, 114, 12
13, -1, 3, 2, 2, 123, 118, 10
13, -1, 3, 2, 2, 124, 122, 8
13, -1, 3, 2, 2, 125, 126, 6
13, -1, 3, 2, 2, 126, 120, 4
13, -1, 3, 2, 2, 127, 128, 2
14, -1, 2, 2, 2, 0, 124, 129
14, -1, 2, 2, 2, 1, 116, 127
14, -1, 2, 2, 2, 2, 112, 125
14, -1, 2, 2, 2, 3, 108, 123
14, -1, 2, 2, 2, 4, 104, 121
14, -1, 2, 2, 2, 5, 100, 119
14, -1, 2, 2, 2, 6, 96, 117
14, -1, 2, 2, 2, 7, 93, 115
14, -1, 2, 2, 2, 8, 97, 113
14, -1, 2, 2, 2, 9, 101, 111
14, -1, 2, 2, 2, 10, 105, 109
14, -1, 2, 2, 2, 11, 109, 107
14, -1, 2, 2, 2, 12, 113, 105
14, -1, 2, 2, 2, 13, 117, 103
14, -1, 2, 2, 2, 14, 121, 101
14, -1, 2, 2, 2, 15, 125, 99
14, -1, 2, 2, 2, 16, 127, 97
14, -1, 2, 2, 2, 17, 123, 95
14, -1, 2, 2, 2, 18, 119, 93
14, -1, 2, 2, 2, 19, 115, 91
14, -1, 2, 2, 2, 20, 111, 89
14, -1, 2, 2, 2, 21, 107, 87
14, -1, 2, 2, 2, 22, 103, 85
14, -1, 2, 2, 2, 23, 99, 83
14, -1, 2, 2, 2, 24, 95, 81
14, -1, 2, 2, 2, 25, 91, 79
14, -1, 2, 2, 2, 26, 87, 77
14, -1, 2, 2, 2, 27, 83, 75
14, -1, 2, 2, 2, 28, 79, 73
14, -1, 2, 2, 2, 29, 75, 71
14, -1, 2, 2, 2, 30, 71, 69
14, -1, 2, 2, 2, 31, 67, 67
14, -1, 2, 2, 2, 32, 63, 65
14, -1, 2, 2, 2, 33, 59, 63
14, -1, 2, 2, 2, 34, 55, 61
14, -1, 2, 2, 2, 35, 51, 59
14, -1, 2, 2, 2, 36, 47, 57
14, -1, 2, 2, 2, 37, 43, 55
14, -1, 2, 2, 2, 38, 39, 53
14, -1, 2, 2, 2, 39, 35, 51
14, -1, 2, 2, 2, 40, 31, 49
14, -1, 2, 2, 2, 41, 27, 47
14, -1, 2, 2, 2, 42, 23, 45
14, -1, 2, 2, 2, 43, 19, 43
14, -1, 2, 2, 2, 44, 15, 41
14, -1, 2, 2, 2, 45, 11, 39
14, -1, 2, 2, 2, 46, 7, 37
14, -1, 2, 2, 2, 47, 3, 35
14, -1, 2, 2, 2, 48, 1, 33
14, -1, 2, 2, 2, 49, 5, 31
14, -1, 2, 2, 2, 50, 9, 29
14, -1, 2, 2, 2, 51, 13, 27
14, -1, 2, 2, 2, 52, 17, 25
14, -1, 2, 2, 2, 53, 21, 23
14, -1, 2, 2, 2, 54, 25, 21
14, -1, 2, 2, 2, 55, 29, 19
14, -1, 2, 2, 2, 56, 33, 17
14, -1, 2, 2, 2, 57, 40, 15
14, -1, 2, 2, 2, 58, 36, 13
14, -1, 2, 2, 2, 59, 32, 11
14, -1, 2, 2, 2, 60, 28, 9
14, -1, 2, 2, 2, 61, 24, 7
14, -1, 2, 2, 2, 62, 20, 5
14, -1, 2, 2, 2, 63, 16, 3
14, -1, 2, 2, 2, 64, 4, 2
14, -1, 2, 2, 2, 65, 8, 4
14, -1, 2, 2, 2, 66, 12, 6
14, -1, 2, 2, 2, 67, 2, 8
14, -1, 2, 2, 2, 68, 6, 10
14, -1, 2, 2, 2, 69, 10, 12
14, -1, 2, 2, 2, 70, 14, 14
14, -1, 2, 2, 2, 71, 18, 16
14, -1, 2, 2, 2, 72, 22, 18
14, -1, 2, 2, 2, 73, 26, 20
14, -1, 2, 2, 2, 74, 30, 22
14, -1, 2, 2, 2, 75, 34, 24
14, -1, 2, 2, 2, 76, 38, 26
14, -1, 2, 2, 2, 77, 42, 28
14, -1, 2, 2, 2, 78, 46, 30
14, -1, 2, 2, 2, 79, 50, 32
14, -1, 2, 2, 2, 80, 54, 34
14, -1, 2, 2, 2, 81, 58, 36
14, -1, 2, 2, 2, 82, 62, 38
14, -1, 2, 2, 2, 83, 64, 40
14, -1, 2, 2, 2, 84, 60, 42
14, -1, 2, 2, 2, 85, 56, 44
14, -1, 2, 2, 2, 86, 52, 46
14, -1, 2, 2, 2, 87, 48, 48
14, -1, 2, 2, 2, 88, 44, 50
14, -1, 2, 2, 2, 89, 37, 52
14, -1, 2, 2, 2, 90, 41, 54
14, -1, 2, 2, 2, 91, 45, 56
14, -1, 2, 2, 2, 92, 49, 58
14, -1, 2, 2, 2, 93, 53, 60
14, -1, 2, 2, 2, 94, 57, 62
14, -1, 2, 2, 2, 95, 61, 64
14, -1, 2, 2, 2, 96, 65, 66
14, -1, 2, 2, 2, 97, 69, 68
14, -1, 2, 2, 2, 98, 73, 70
14, -1, 2, 2, 2, 99, 77, 72
14, -1, 2, 2, 2, 100, 81, 74
14, -1, 2, 2, 2, 101, 85, 76
14, -1, 2, 2, 2, 102, 89, 78
14, -1, 2, 2, 2, 103, 92, 80
14, -1, 2, 2, 2, 104, 88, 82
14, -1, 2, 2, 2, 105, 84, 84
14, -1, 2, 2, 2, 106, 80, 86
14, -1, 2, 2, 2, 107, 76, 88
14, -1, 2, 2, 2, 108, 72, 90
14, -1, 2, 2, 2, 109, 68, 92
14, -1, 2, 2, 2, 110, 66, 94
14, -1, 2, 2, 2, 111, 70, 96
14, -1, 2, 2, 2, 112, 74, 98
14, -1, 2, 2, 2, 113, 78, 100
14, -1, 2, 2, 2, 114, 82, 102
14, -1, 2, 2, 2, 115, 86, 104
14, -1, 2, 2, 2, 116, 90, 106
14, -1, 2, 2, 2, 117, 94, 108
14, -1, 2, 2, 2, 118, 98, 110
14, -1, 2, 2, 2, 119, 102, 112
14, -1, 2, 2, 2, 120, 106, 114
14, -1, 2, 2, 2, 121, 110, 116
14, -1, 2, 2, 2, 122, 114, 118
14, -1, 2, 2, 2, 123, 118, 120
14, -1, 2, 2, 2, 124, 122, 122
14, -1, 2, 2, 2, 125, 126, 124
14, -1, 2, 2, 2, 126, 120, 126
14, -1, 2, 2, 2, 127, 128, 128
15, -1, 1, 2, 2, 0, 124, 3
15, -1, 1, 2, 2, 1, 116, 5
15, -1, 1, 2, 2, 2, 112, 7
15, -1, 1, 2, 2, 3, 108, 9
15, -1, 1, 2, 2, 4, 104, 11
15, -1, 1, 2, 2, 5, 100, 13
15, -1, 1, 2, 2, 6, 96, 15
15, -1, 1, 2, 2, 7, 93, 17
15, -1, 1, 2, 2, 8, 97, 19
15, -1, 1, 2, 2, 9, 101, 21
15, -1, 1, 2, 2, 10, 105, 23
15, -1, 1, 2, 2, 11, 109, 25
15, -1, 1, 2, 2, 12, 113, 27
15, -1, 1, 2, 2, 13, 117, 29
15, -1, 1, 2, 2, 14, 121, 31
15, -1, 1, 2, 2, 15, 125, 33
15, -1, 1, 2, 2, 16, 127, 35
15, -1, 1, 2, 2, 17, 123, 37
15, -1, 1, 2, 2, 18, 119, 39
15, -1, 1, 2, 2, 19, 115, 41
15, -1, 1, 2, 2, 20, 111, 43
15, -1, 1, 2, 2, 21, 107, 45
15, -1, 1, 2, 2, 22, 103, 47
15, -1, 1, 2, 2, 23, 99, 49
15, -1, 1, 2, 2, 24, 95, 51
15, -1, 1, 2, 2, 25, 91, 53
15, -1, 1, 2, 2, 26, 87, 55
15, -1, 1, 2, 2, 27, 83, 57
15, -1, 1, 2, 2, 28, 79, 59
15, -1, 1, 2, 2, 29, 75, 61
15, -1, 1, 2, 2, 30, 71, 63
15, -1, 1, 2, 2, 31, 67, 65
15, -1, 1, 2, 2, 32, 63, 67
15, -1, 1, 2, 2, 33, 59, 69
15, -1, 1, 2, 2, 34, 55, 71
15, -1, 1, 2, 2, 35, 51, 73
15, -1, 1, 2, 2, 36, 47, 75
15, -1, 1, 2, 2, 37, 43, 77
15, -1, 1, 2, 2, 38, 39, 79
15, -1, 1, 2, 2, 39, 35, 81
15, -1, 1, 2, 2, 40, 31, 83
15, -1, 1, 2, 2, 41, 27, 85
15, -1, 1, 2, 2, 42, 23, 87
15, -1, 1, 2, 2, 43, 19, 89
15, -1, 1, 2, 2, 44, 15, 91
15, -1, 1, 2, 2, 45, 11, 93
15, -1, 1, 2, 2, 46, 7, 95
15, -1, 1, 2, 2, 47, 3, 97
15, -1, 1, 2, 2, 48, 1, 99
15, -1, 1, 2, 2, 49, 5, 101
15, -1, 1, 2, 2, 50, 9, 103
15, -1, 1, 2, 2, 51, 13, 105
15, -1, 1, 2, 2, 52, 17, 107
15, -1, 1, 2, 2, 53, 21, 109
15, -1, 1, 2, 2, 54, 25, 111
15, -1, 1, 2, 2, 55, 29, 113
15, -1, 1, 2, 2, 56, 33, 115
15, -1, 1, 2, 2, 57, 40, 117
15, -1, 1, 2, 2, 58, 36, 119
15, -1, 1, 2, 2, 59, 32, 121
15, -1, 1, 2, 2, 60, 28, 123
15, -1, 1, 2, 2, 61, 24, 125
15, -1, 1, 2, 2, 62, 20, 127
15, -1, 1, 2, 2, 63, 16, 129
15, -1, 1, 2, 2, 64, 4, 128
15, -1, 1, 2, 2, 65, 8, 126
15, -1, 1, 2, 2, 66, 12, 124
15, -1, 1, 2, 2, 67, 2, 122
15, -1, 1, 2, 2, 68, 6, 120
15, -1, 1, 2, 2, 69, 10, 118
15, -1, 1, 2, 2, 70, 14, 116
15, -1, 1, 2, 2, 71, 18, 114
15, -1, 1, 2, 2, 72, 22, 112
15, -1, 1, 2, 2, 73, 26, 110
15, -1, 1, 2, 2, 74, 30, 108
15, -1, 1, 2, 2, 75, 34, 106
15, -1, 1, 2, 2, 76, 38, 104
15, -1, 1, 2, 2, 77, 42, 102
15, -1, 1, 2, 2, 78, 46, 100
15, -1, 1, 2, 2, 79, 50, 98
15, -1, 1, 2, 2, 80, 54, 96
15, -1, 1, 2, 2, 81, 58, 94
15, -1, 1, 2, 2, 82, 62, 92
15, -1, 1, 2, 2, 83, 64, 90
15, -1, 1, 2, 2, 84, 60, 88
15, -1, 1, 2, 2, 85, 56, 86
15, -1, 1, 2, 2, 86, 52, 84
15, -1, 1, 2, 2, 87, 48, 82
15, -1, 1, 2, 2, 88, 44, 80
15, -1, 1, 2, 2, 89, 37, 78
15, -1, 1, 2, 2, 90, 41, 76
15, -1, 1, 2, 2, 91, 45, 74
15, -1, 1, 2, 2, 92, 49, 72
15, -1, 1, 2, 2, 93, 53, 70
15, -1, 1, 2, 2, 94, 57, 68
15, -1, 1, 2, 2, 95, 61, 66
15, -1, 1, 2, 2, 96, 65, 64
15, -1, 1, 2, 2, 97, 69, 62
15, -1, 1, 2, 2, 98, 73, 60
15, -1, 1, 2, 2, 99, 77, 58
15, -1, 1, 2, 2, 100, 81, 56
15, -1, 1, 2, 2, 101, 85, 54
15, -1, 1, 2, 2, 102, 89, 52
15, -1, 1, 2, 2, 103, 92, 50
15, -1, 1, 2, 2, 104, 88, 48
15, -1, 1, 2, 2, 105, 84, 46
15, -1, 1, 2, 2, 106, 80, 44
15, -1, 1, 2, 2, 107, 76, 42
15, -1, 1, 2, 2, 108, 72, 40
15, -1, 1, 2, 2, 109, 68, 38
15, -1, 1, 2, 2, 110, 66, 36
15, -1, 1, 2, 2, 111, 70, 34
15, -1, 1, 2, 2, 112, 74, 32
15, -1, 1, 2, 2, 113, 78, 30
15, -1, 1, 2, 2, 114, 82, 28
15, -1, 1, 2, 2, 115, 86, 26
15, -1, 1, 2, 2, 116, 90, 24
15, -1, 1, 2, 2, 117, 94, 22
15, -1, 1, 2, 2, 118, 98, 20
15, -1, 1, 2, 2, 119, 102, 18
15, -1, 1, 2, 2, 120, 106, 16
15, -1, 1, 2, 2, 121, 110, 14
15, -1, 1, 2, 2, 122, 114, 12
15, -1, 1, 2, 2, 123, 118, 10
15, -1, 1, 2, 2, 124, 122, 8
15, -1, 1, 2, 2, 125, 126, 6
15, -1, 1, 2, 2, 126, 120, 4
15, -1, 1, 2, 2, 127, 128, 2
16, -1, 8, 3, 2, 0, 128, 129
16, -1, 8, 3, 2, 1, 120, 127
16, -1, 8, 3, 2, 2, 126, 125
16, -1, 8, 3, 2, 3, 122, 123
16, -1, 8, 3, 2, 4, 118, 121
16, -1, 8, 3, 2, 5, 114, 119
16, -1, 8, 3, 2, 6, 110, 117
16, -1, 8, 3, 2, 7, 106, 115
16, -1, 8, 3, 2, 8, 102, 113
16, -1, 8, 3, 2, 9, 98, 111
16, -1, 8, 3, 2, 10, 94, 109
16, -1, 8, 3, 2, 11, 90, 107
16, -1, 8, 3, 2, 12, 86, 105
16, -1, 8, 3, 2, 13, 82, 103
16, -1, 8, 3, 2, 14, 78, 93
16, -1, 8, 3, 2, 15, 74, 91
16, -1, 8, 3, 2, 16, 70, 89
16, -1, 8, 3, 2, 17, 66, 87
16, -1, 8, 3, 2, 18, 68, 85
16, -1, 8, 3, 2, 19, 72, 83
16, -1, 8, 3, 2, 20, 76, 81
16, -1, 8, 3, 2, 21, 80, 101
16, -1, 8, 3, 2, 22, 84, 79
16, -1, 8, 3, 2, 23, 88, 99
16, -1, 8, 3, 2, 24, 92, 77
16, -1, 8, 3, 2, 25, 89, 97
16, -1, 8, 3, 2, 26, 85, 75
16, -1, 8, 3, 2, 27, 81, 95
16, -1, 8, 3, 2, 28, 77, 73
16, -1, 8, 3, 2, 29, 73, 71
16, -1, 8, 3, 2, 30, 69, 69
16, -1, 8, 3, 2, 31, 65, 67
16, -1, 8, 3, 2, 32, 61, 65
16, -1, 8, 3, 2, 33, 57, 63
16, -1, 8, 3, 2, 34, 53, 61
16, -1, 8, 3, 2, 35, 49, 59
16, -1, 8, 3, 2, 36, 45, 57
16, -1, 8, 3, 2, 37, 41, 55
16, -1, 8, 3, 2, 38, 37, 53
16, -1, 8, 3, 2, 39, 44, 51
16, -1, 8, 3, 2, 40, 48, 49
16, -1, 8, 3, 2, 41, 52, 47
16, -1, 8, 3, 2, 42, 56, 45
16, -1, 8, 3, 2, 43, 60, 43
16, -1, 8, 3, 2, 44, 64, 41
16, -1, 8, 3, 2, 45, 62, 39
16, -1, 8, 3, 2, 46, 59, 37
16, -1, 8, 3, 2, 47, 54, 35
16, -1, 8, 3, 2, 48, 50, 33
16, -1, 8, 3, 2, 49, 46, 31
16, -1, 8, 3, 2, 50, 42, 29
16, -1, 8, 3, 2, 51, 38, 27
16, -1, 8, 3, 2, 52, 34, 25
16, -1, 8, 3, 2, 53, 30, 23
16, -1, 8, 3, 2, 54, 26, 21
16, -1, 8, 3, 2, 55, 22, 19
16, -1, 8, 3, 2, 56, 18, 17
16, -1, 8, 3, 2, 57, 14, 15
16, -1, 8, 3, 2, 58, 10, 13
16, -1, 8, 3, 2, 59, 6, 11
16, -1, 8, 3, 2, 60, 2, 9
16, -1, 8, 3, 2, 61, 12, 7
16, -1, 8, 3, 2, 62, 8, 5
16, -1, 8, 3, 2, 63, 4, 3
16, -1, 8, 3, 2, 64, 124, 2
16, -1, 8, 3, 2, 65, 116, 4
16, -1, 8, 3, 2, 66, 112, 6
16, -1, 8, 3, 2, 67, 108, 8
16, -1, 8, 3, 2, 68, 104, 10
16, -1, 8, 3, 2, 69, 100, 12
16, -1, 8, 3, 2, 70, 96, 14
16, -1, 8, 3, 2, 71, 93, 16
16, -1, 8, 3, 2, 72, 97, 18
16, -1, 8, 3, 2, 73, 101, 20
16, -1, 8, 3, 2, 74, 105, 22
16, -1, 8, 3, 2, 75, 109, 24
16, -1, 8, 3, 2, 76, 113, 26
16, -1, 8, 3, 2, 77, 117, 28
16, -1, 8, 3, 2, 78, 121, 30
16, -1, 8, 3, 2, 79, 125, 32
16, -1, 8, 3, 2, 80, 127, 34
16, -1, 8, 3, 2, 81, 123, 36
16, -1, 8, 3, 2, 82, 119, 38
16, -1, 8, 3, 2, 83, 115, 40
16, -1, 8, 3, 2, 84, 111, 42
16, -1, 8, 3, 2, 85, 107, 44
16, -1, 8, 3, 2, 86, 103, 46
16, -1, 8, 3, 2, 87, 99, 48
16, -1, 8, 3, 2, 88, 95, 50
16, -1, 8, 3, 2, 89, 91, 52
16, -1, 8, 3, 2, 90, 87, 54
16, -1, 8, 3, 2, 91, 83, 56
16, -1, 8, 3, 2, 92, 79, 58
16, -1, 8, 3, 2, 93, 75, 60
16, -1, 8, 3, 2, 94, 71, 62
16, -1, 8, 3, 2, 95, 67, 64
16, -1, 8, 3, 2, 96, 63, 66
16, -1, 8, 3, 2, 97, 59, 68
16, -1, 8, 3, 2, 98, 55, 70
16, -1, 8, 3, 2, 99, 51, 72
16, -1, 8, 3, 2, 100, 47, 74
16, -1, 8, 3, 2, 101, 43, 76
16, -1, 8, 3, 2, 102, 39, 78
16, -1, 8, 3, 2, 103, 35, 80
16, -1, 8, 3, 2, 104, 31, 82
16, -1, 8, 3, 2, 105, 27, 84
16, -1, 8, 3, 2, 106, 23, 86
16, -1, 8, 3, 2, 107, 19, 88
16, -1, 8, 3, 2, 108, 15, 90
16, -1, 8, 3, 2, 109, 11, 92
16, -1, 8, 3, 2, 110, 7, 94
16, -1, 8, 3, 2, 111, 3, 96
16, -1, 8, 3, 2, 112, 1, 98
16, -1, 8, 3, 2, 113, 5, 100
16, -1, 8, 3, 2, 114, 9, 102
16, -1, 8, 3, 2, 115, 13, 104
16, -1, 8, 3, 2, 116, 17, 106
16, -1, 8, 3, 2, 117, 21, 108
16, -1, 8, 3, 2, 118, 25, 110
16, -1, 8, 3, 2, 119, 29, 112
16, -1, 8, 3, 2, 120, 33, 114
16, -1, 8, 3, 2, 121, 40, 116
16, -1, 8, 3, 2, 122, 36, 118
16, -1, 8, 3, 2, 123, 32, 120
16, -1, 8, 3, 2, 124, 28, 122
16, -1, 8, 3, 2, 125, 24, 124
16, -1, 8, 3, 2, 126, 20, 126
16, -1, 8, 3, 2, 127, 16, 128
17, -1, 7, 3, 2, 0, 128, 129
17, -1, 7, 3, 2, 1, 120, 127
17, -1, 7, 3, 2, 2, 126, 125
17, -1, 7, 3, 2, 3, 122, 123
17, -1, 7, 3, 2, 4, 118, 121
17, -1, 7, 3, 2, 5, 114, 119
17, -1, 7, 3, 2, 6, 110, 117
17, -1, 7, 3, 2, 7, 106, 115
17, -1, 7, 3, 2, 8, 102, 113
17, -1, 7, 3, 2, 9, 98, 111
17, -1, 7, 3, 2, 10, 94, 109
17, -1, 7, 3, 2, 11, 90, 107
17, -1, 7, 3, 2, 12, 86, 105
17, -1, 7, 3, 2, 13, 82, 103
17, -1, 7, 3, 2, 14, 78, 93
17, -1, 7, 3, 2, 15, 74, 91
17, -1, 7, 3, 2, 16, 70, 89
17, -1, 7, 3, 2, 17, 66, 87
17, -1, 7, 3, 2, 18, 68, 85
17, -1, 7, 3, 2, 19, 72, 83
17, -1, 7, 3, 2, 20, 76, 81
17, -1, 7, 3, 2, 21, 80, 101
17, -1, 7, 3, 2, 22, 84, 79
17, -1, 7, 3, 2, 23, 88, 99
17, -1, 7, 3, 2, 24, 92, 77
17, -1, 7, 3, 2, 25, 89, 97
17, -1, 7, 3, 2, 26, 85, 75
17, -1, 7, 3, 2, 27, 81, 95
17, -1, 7, 3, 2, 28, 77, 73
17, -1, 7, 3, 2, 29, 73, 71
17, -1, 7, 3, 2, 30, 69, 69
17, -1, 7, 3, 2, 31, 65, 67
17, -1, 7, 3, 2, 32, 61, 65
17, -1, 7, 3, 2, 33, 57, 63
17, -1, 7, 3, 2, 34, 53, 61
17, -1, 7, 3, 2, 35, 49, 59
17, -1, 7, 3, 2, 36, 45, 57
17, -1, 7, 3, 2, 37, 41, 55
17, -1, 7, 3, 2, 38, 37, 53
17, -1, 7, 3, 2, 39, 44, 51
17, -1, 7, 3, 2, 40, 48, 49
17, -1, 7, 3, 2, 41, 52, 47
17, -1, 7, 3, 2, 42, 56, 45
17, -1, 7, 3, 2, 43, 60, 43
17, -1, 7, 3, 2, 44, 64, 41
17, -1, 7, 3, 2, 45, 62, 39
17, -1, 7, 3, 2, 46, 59, 37
17, -1, 7, 3, 2, 47, 54, 35
17, -1, 7, 3, 2, 48, 50, 33
17, -1, 7, 3, 2, 49, 46, 31
17, -1, 7, 3, 2, 50, 42, 29
17, -1, 7, 3, 2, 51, 38, 27
17, -1, 7, 3, 2, 52, 34, 25
17, -1, 7, 3, 2, 53, 30, 23
17, -1, 7, 3, 2, 54, 26, 21
17, -1, 7, 3, 2, 55, 22, 19
17, -1, 7, 3, 2, 56, 18, 17
17, -1, 7, 3, 2, 57, 14, 15
17, -1, 7, 3, 2, 58, 10, 13
17, -1, 7, 3, 2, 59, 6, 11
17, -1, 7, 3, 2, 60, 2, 9
17, -1, 7, 3, 2, 61, 12, 7
17, -1, 7, 3, 2, 62, 8, 5
17, -1, 7, 3, 2, 63, 4, 3
17, -1, 7, 3, 2, 64, 124, 2
17, -1, 7, 3, 2, 65, 116, 4
17, -1, 7, 3, 2, 66, 112, 6
17, -1, 7, 3, 2, 67, 108, 8
17, -1, 7, 3, 2, 68, 104, 10
17, -1, 7, 3, 2, 69, 100, 12
17, -1, 7, 3, 2, 70, 96, 14
17, -1, 7, 3, 2, 71, 93, 16
17, -1, 7, 3, 2, 72, 97, 18
17, -1, 7, 3, 2, 73, 101, 20
17, -1, 7, 3, 2, 74, 105, 22
17, -1, 7, 3, 2, 75, 109, 24
17, -1, 7, 3, 2, 76, 113, 26
17, -1, 7, 3, 2, 77, 117, 28
17, -1, 7, 3, 2, 78, 121, 30
17, -1, 7, 3, 2, 79, 125, 32
17, -1, 7, 3, 2, 80, 127, 34
17, -1, 7, 3, 2, 81, 123, 36
17, -1, 7, 3, 2, 82, 119, 38
17, -1, 7, 3, 2, 83, 115, 40
17, -1, 7, 3, 2, 84, 111, 42
17, -1, 7, 3, 2, 85, 107, 44
17, -1, 7, 3, 2, 86, 103, 46
17, -1, 7, 3, 2, 87, 99, 48
17, -1, 7, 3, 2, 88, 95, 50
17, -1, 7, 3, 2, 89, 91, 52
17, -1, 7, 3, 2, 90, 87, 54
17, -1, 7, 3, 2, 91, 83, 56
17, -1, 7, 3, 2, 92, 79, 58
17, -1, 7, 3, 2, 93, 75, 60
17, -1, 7, 3, 2, 94, 71, 62
17, -1, 7, 3, 2, 95, 67, 64
17, -1, 7, 3, 2, 96, 63, 66
17, -1, 7, 3, 2, 97, 59, 68
17, -1, 7, 3, 2, 98, 55, 70
17, -1, 7, 3, 2, 99, 51, 72
17, -1, 7, 3, 2, 100, 47, 74
17, -1, 7, 3, 2, 101, 43, 76
17, -1, 7, 3, 2, 102, 39, 78
17, -1, 7, 3, 2, 103, 35, 80
17, -1, 7, 3, 2, 104, 31, 82
17, -1, 7, 3, 2, 105, 27, 84
17, -1, 7, 3, 2, 106, 23, 86
17, -1, 7, 3, 2, 107, 19, 88
17, -1, 7, 3, 2, 108, 15, 90
17, -1, 7, 3, 2, 109, 11, 92
17, -1, 7, 3, 2, 110, 7, 94
17, -1, 7, 3, 2, 111, 3, 96
17, -1, 7, 3, 2, 112, 1, 98
17, -1, 7, 3, 2, 113, 5, 100
17, -1, 7, 3, 2, 114, 9, 102
17, -1, 7, 3, 2, 115, 13, 104
17, -1, 7, 3, 2, 116, 17, 106
17, -1, 7, 3, 2, 117, 21, 108
17, -1, 7, 3, 2, 118, 25, 110
17, -1, 7, 3, 2, 119, 29, 112
17, -1, 7, 3, 2, 120, 33, 114
17, -1, 7, 3, 2, 121, 40, 116
17, -1, 7, 3, 2, 122, 36, 118
17, -1, 7, 3, 2, 123, 32, 120
17, -1, 7, 3, 2, 124, 28, 122
17, -1, 7, 3, 2, 125, 24, 124
17, -1, 7, 3, 2, 126, 20, 126
17, -1, 7, 3, 2, 127, 16, 128
18, -1, 6, 3, 2, 0, 4, 3
18, -1, 6, 3, 2, 1, 8, 5
18, -1, 6, 3, 2, 2, 12, 7
18, -1, 6, 3, 2, 3, 2, 9
18, -1, 6, 3, 2, 4, 6, 11
18, -1, 6, 3, 2, 5, 10, 13
18, -1, 6, 3, 2, 6, 14, 15
18, -1, 6, 3, 2, 7, 18, 17
18, -1, 6, 3, 2, 8, 22, 19
18, -1, 6, 3, 2, 9, 26, 21
18, -1, 6, 3, 2, 10, 30, 23
18, -1, 6, 3, 2, 11, 34, 25
18, -1, 6, 3, 2, 12, 38, 27
18, -1, 6, 3, 2, 13, 42, 29
18, -1, 6, 3, 2, 14, 46, 31
18, -1, 6, 3, 2, 15, 50, 33
18, -1, 6, 3, 2, 16, 54, 35
18, -1, 6, 3, 2, 17, 59, 37
18, -1, 6, 3, 2, 18, 62, 39
18, -1, 6, 3, 2, 19, 64, 41
18, -1, 6, 3, 2, 20, 60, 43
18, -1, 6, 3, 2, 21, 56, 45
18, -1, 6, 3, 2, 22, 52, 47
18, -1, 6, 3, 2, 23, 48, 49
18, -1, 6, 3, 2, 24, 44, 51
18, -1, 6, 3, 2, 25, 37, 53
18, -1, 6, 3, 2, 26, 41, 55
18, -1, 6, 3, 2, 27, 45, 57
18, -1, 6, 3, 2, 28, 49, 59
18, -1, 6, 3, 2, 29, 53, 61
18, -1, 6, 3, 2, 30, 57, 63
18, -1, 6, 3, 2, 31, 61, 65
18, -1, 6, 3, 2, 32, 65, 67
18, -1, 6, 3, 2, 33, 69, 69
18, -1, 6, 3, 2, 34, 73, 71
18, -1, 6, 3, 2, 35, 77, 73
18, -1, 6, 3, 2, 36, 81, 75
18, -1, 6, 3, 2, 37, 85, 77
18, -1, 6, 3, 2, 38, 89, 79
18, -1, 6, 3, 2, 39, 92, 81
18, -1, 6, 3, 2, 40, 88, 83
18, -1, 6, 3, 2, 41, 84, 85
18, -1, 6, 3, 2, 42, 80, 87
18, -1, 6, 3, 2, 43, 76, 89
18, -1, 6, 3, 2, 44, 72, 91
18, -1, 6, 3, 2, 45, 68, 93
18, -1, 6, 3, 2, 46, 66, 95
18, -1, 6, 3, 2, 47, 70, 97
18, -1, 6, 3, 2, 48, 74, 99
18, -1, 6, 3, 2, 49, 78, 101
18, -1, 6, 3, 2, 50, 82, 103
18, -1, 6, 3, 2, 51, 86, 105
18, -1, 6, 3, 2, 52, 90, 107
18, -1, 6, 3, 2, 53, 94, 109
18, -1, 6, 3, 2, 54, 98, 111
18, -1, 6, 3, 2, 55, 102, 113
18, -1, 6, 3, 2, 56, 106, 115
18, -1, 6, 3, 2, 57, 110, 117
18, -1, 6, 3, 2, 58, 114, 119
18, -1, 6, 3, 2, 59, 118, 121
18, -1, 6, 3, 2, 60, 122, 123
18, -1, 6, 3, 2, 61, 126, 125
18, -1, 6, 3, 2, 62, 120, 127
18, -1, 6, 3, 2, 63, 128, 129
18, -1, 6, 3, 2, 64, 16, 128
18, -1, 6, 3, 2, 65, 20, 126
18, -1, 6, 3, 2, 66, 24, 124
18, -1, 6, 3, 2, 67, 28, 122
18, -1, 6, 3, 2, 68, 32, 120
18, -1, 6, 3, 2, 69, 36, 118
18, -1, 6, 3, 2, 70, 40, 116
18, -1, 6, 3, 2, 71, 33, 114
18, -1, 6, 3, 2, 72, 29, 112
18, -1, 6, 3, 2, 73, 25, 110
18, -1, 6, 3, 2, 74, 21, 108
18, -1, 6, 3, 2, 75, 17, 106
18, -1, 6, 3, 2, 76, 13, 104
18, -1, 6, 3, 2, 77, 9, 102
18, -1, 6, 3, 2, 78, 5, 100
18, -1, 6, 3, 2, 79, 1, 98
18, -1, 6, 3, 2, 80, 3, 96
18, -1, 6, 3, 2, 81, 7, 94
18, -1, 6, 3, 2, 82, 11, 92
18, -1, 6, 3, 2, 83, 15, 90
18, -1, 6, 3, 2, 84, 19, 88
18, -1, 6, 3, 2, 85, 23, 86
18, -1, 6, 3, 2, 86, 27, 84
18, -1, 6, 3, 2, 87, 31, 82
18, -1, 6, 3, 2, 88, 35, 80
18, -1, 6, 3, 2, 89, 39, 78
18, -1, 6, 3, 2, 90, 43, 76
18, -1, 6, 3, 2, 91, 47, 74
18, -1, 6, 3, 2, 92, 51, 72
18, -1, 6, 3, 2, 93, 55, 70
18, -1, 6, 3, 2, 94, 59, 68
18, -1, 6, 3, 2, 95, 63, 66
18, -1, 6, 3, 2, 96, 67, 64
18, -1, 6, 3, 2, 97, 71, 62
18, -1, 6, 3, 2, 98, 75, 60
18, -1, 6, 3, 2, 99, 79, 58
18, -1, 6, 3, 2, 100, 83, 56
18, -1, 6, 3, 2, 101, 87, 54
18, -1, 6, 3, 2, 102, 91, 52
18, -1, 6, 3, 2, 103, 95, 50
18, -1, 6, 3, 2, 104, 99, 48
18, -1, 6, 3, 2, 105, 103, 46
18, -1, 6, 3, 2, 106, 107, 44
18, -1, 6, 3, 2, 107, 111, 42
18, -1, 6, 3, 2, 108, 115, 40
18, -1, 6, 3, 2, 109, 119, 38
18, -1, 6, 3, 2, 110, 123, 36
18, -1, 6, 3, 2, 111, 127, 34
18, -1, 6, 3, 2, 112, 125, 32
18, -1, 6, 3, 2, 113, 121, 30
18, -1, 6, 3, 2, 114, 117, 28
18, -1, 6, 3, 2, 115, 113, 26
18, -1, 6, 3, 2, 116, 109, 24
18, -1, 6, 3, 2, 117, 105, 22
18, -1, 6, 3, 2, 118, 101, 20
18, -1, 6, 3, 2, 119, 97, 18
18, -1, 6, 3, 2, 120, 93, 16
18, -1, 6, 3, 2, 121, 96, 14
18, -1, 6, 3, 2, 122, 100, 12
18, -1, 6, 3, 2, 123, 104, 10
18, -1, 6, 3, 2, 124, 108, 8
18, -1, 6, 3, 2, 125, 112, 6
18, -1, 6, 3, 2, 126, 116, 4
18, -1, 6, 3, 2, 127, 124, 2
19, -1, 5, 3, 2, 0, 4, 3
19, -1, 5, 3, 2, 1, 8, 5
19, -1, 5, 3, 2, 2, 12, 7
19, -1, 5, 3, 2, 3, 2, 9
19, -1, 5, 3, 2, 4, 6, 11
19, -1, 5, 3, 2, 5, 10, 13
19, -1, 5, 3, 2, 6, 14, 15
19, -1, 5, 3, 2, 7, 18, 17
19, -1, 5, 3, 2, 8, 22, 19
19, -1, 5, 3, 2, 9, 26, 21
19, -1, 5, 3, 2, 10, 30, 23
19, -1, 5, 3, 2, 11, 34, 25
19, -1, 5, 3, 2, 12, 38, 27
19, -1, 5, 3, 2, 13, 42, 29
19, -1, 5, 3, 2, 14, 46, 31
19, -1, 5, 3, 2, 15, 50, 33
19, -1, 5, 3, 2, 16, 54, 35
19, -1, 5, 3, 2, 17, 59, 37
19, -1, 5, 3, 2, 18, 62, 39
19, -1, 5, 3, 2, 19, 64, 41
19, -1, 5, 3, 2, 20, 60, 43
19, -1, 5, 3, 2, 21, 56, 45
19, -1, 5, 3, 2, 22, 52, 47
19, -1, 5, 3, 2, 23, 48, 49
19, -1, 5, 3, 2, 24, 44, 51
19, -1, 5, 3, 2, 25, 37, 53
19, -1, 5, 3, 2, 26, 41, 55
19, -1, 5, 3, 2, 27, 45, 57
19, -1, 5, 3, 2, 28, 49, 59
19, -1, 5, 3, 2, 29, 53, 61
19, -1, 5, 3, 2, 30, 57, 63
19, -1, 5, 3, 2, 31, 61, 65
19, -1, 5, 3, 2, 32, 65, 67
19, -1, 5, 3, 2, 33, 69, 69
19, -1, 5, 3, 2, 34, 73, 71
19, -1, 5, 3, 2, 35, 77, 73
19, -1, 5, 3, 2, 36, 81, 75
19, -1, 5, 3, 2, 37, 85, 77
19, -1, 5, 3, 2, 38, 89, 79
19, -1, 5, 3, 2, 39, 92, 81
19, -1, 5, 3, 2, 40, 88, 83
19, -1, 5, 3, 2, 41, 84, 85
19, -1, 5, 3, 2, 42, 80, 87
19, -1, 5, 3, 2, 43, 76, 89
19, -1, 5, 3, 2, 44, 72, 91
19, -1, 5, 3, 2, 45, 68, 93
19, -1, 5, 3, 2, 46, 66, 95
19, -1, 5, 3, 2, 47, 70, 97
19, -1, 5, 3, 2, 48, 74, 99
19, -1, 5, 3, 2, 49, 78, 101
19, -1, 5, 3, 2, 50, 82, 103
19, -1, 5, 3, 2, 51, 86, 105
19, -1, 5, 3, 2, 52, 90, 107
19, -1, 5, 3, 2, 53, 94, 109
19, -1, 5, 3, 2, 54, 98, 111
19, -1, 5, 3, 2, 55, 102, 113
19, -1, 5, 3, 2, 56, 106, 115
19, -1, 5, 3, 2, 57, 110, 117
19, -1, 5, 3, 2, 58, 114, 119
19, -1, 5, 3, 2, 59, 118, 121
19, -1, 5, 3, 2, 60, 122, 123
19, -1, 5, 3, 2, 61, 126, 125
19, -1, 5, 3, 2, 62, 120, 127
19, -1, 5, 3, 2, 63, 128, 129
19, -1, 5, 3, 2, 64, 16, 128
19, -1, 5, 3, 2, 65, 20, 126
19, -1, 5, 3, 2, 66, 24, 124
19, -1, 5, 3, 2, 67, 28, 122
19, -1, 5, 3, 2, 68, 32, 120
19, -1, 5, 3, 2, 69, 36, 118
19, -1, 5, 3, 2, 70, 40, 116
19, -1, 5, 3, 2, 71, 33, 114
19, -1, 5, 3, 2, 72, 29, 112
19, -1, 5, 3, 2, 73, 25, 110
19, -1, 5, 3, 2, 74, 21, 108
19, -1, 5, 3, 2, 75, 17, 106
19, -1, 5, 3, 2, 76, 13, 104
19, -1, 5, 3, 2, 77, 9, 102
19, -1, 5, 3, 2, 78, 5, 100
19, -1, 5, 3, 2, 79, 1, 98
19, -1, 5, 3, 2, 80, 3, 96
19, -1, 5, 3, 2, 81, 7, 94
19, -1, 5, 3, 2, 82, 11, 92
19, -1, 5, 3, 2, 83, 15, 90
19, -1, 5, 3, 2, 84, 19, 88
19, -1, 5, 3, 2, 85, 23, 86
19, -1, 5, 3, 2, 86, 27, 84
19, -1, 5, 3, 2, 87, 31, 82
19, -1, 5, 3, 2, 88, 35, 80
19, -1, 5, 3, 2, 89, 39, 78
19, -1, 5, 3, 2, 90, 43, 76
19, -1, 5, 3, 2, 91, 47, 74
19, -1, 5, 3, 2, 92, 51, 72
19, -1, 5, 3, 2, 93, 55, 70
19, -1, 5, 3, 2, 94, 59, 68
19, -1, 5, 3, 2, 95, 63, 66
19, -1, 5, 3, 2, 96, 67, 64
19, -1, 5, 3, 2, 97, 71, 62
19, -1, 5, 3, 2, 98, 75, 60
19, -1, 5, 3, 2, 99, 79, 58
19, -1, 5, 3, 2, 100, 83, 56
19, -1, 5, 3, 2, 101, 87, 54
19, -1, 5, 3, 2, 102, 91, 52
19, -1, 5, 3, 2, 103, 95, 50
19, -1, 5, 3, 2, 104, 99, 48
19, -1, 5, 3, 2, 105, 103, 46
19, -1, 5, 3, 2, 106, 107, 44
19, -1, 5, 3, 2, 107, 111, 42
19, -1, 5, 3, 2, 108, 115, 40
19, -1, 5, 3, 2, 109, 119, 38
19, -1, 5, 3, 2, 110, 123, 36
19, -1, 5, 3, 2, 111, 127, 34
19, -1, 5, 3, 2, 112, 125, 32
19, -1, 5, 3, 2, 113, 121, 30
19, -1, 5, 3, 2, 114, 117, 28
19, -1, 5, 3, 2, 115, 113, 26
19, -1, 5, 3, 2, 116, 109, 24
19, -1, 5, 3, 2, 117, 105, 22
19, -1, 5, 3, 2, 118, 101, 20
19, -1, 5, 3, 2, 119, 97, 18
19, -1, 5, 3, 2, 120, 93, 16
19, -1, 5, 3, 2, 121, 96, 14
19, -1, 5, 3, 2, 122, 100, 12
19, -1, 5, 3, 2, 123, 104, 10
19, -1, 5, 3, 2, 124, 108, 8
19, -1, 5, 3, 2, 125, 112, 6
19, -1, 5, 3, 2, 126, 116, 4
19, -1, 5, 3, 2, 127, 124, 2
20, -1, 4, 3, 2, 0, 4, 129
20, -1, 4, 3, 2, 1, 8, 127
20, -1, 4, 3, 2, 2, 12, 125
20, -1, 4, 3, 2, 3, 2, 123
20, -1, 4, 3, 2, 4, 6, 121
20, -1, 4, 3, 2, 5, 10, 119
20, -1, 4, 3, 2, 6, 14, 117
20, -1, 4, 3, 2, 7, 18, 115
20, -1, 4, 3, 2, 8, 22, 113
20, -1, 4, 3, 2, 9, 26, 111
20, -1, 4, 3, 2, 10, 30, 109
20, -1, 4, 3, 2, 11, 34, 107
20, -1, 4, 3, 2, 12, 38, 105
20, -1, 4, 3, 2, 13, 42, 103
20, -1, 4, 3, 2, 14, 46, 101
20, -1, 4, 3, 2, 15, 50, 99
20, -1, 4, 3, 2, 16, 54, 97
20, -1, 4, 3, 2, 17, 59, 95
20, -1, 4, 3, 2, 18, 62, 93
20, -1, 4, 3, 2, 19, 64, 91
20, -1, 4, 3, 2, 20, 60, 89
20, -1, 4, 3, 2, 21, 56, 87
20, -1, 4, 3, 2, 22, 52, 85
20, -1, 4, 3, 2, 23, 48, 83
20, -1, 4, 3, 2, 24, 44, 81
20, -1, 4, 3, 2, 25, 37, 79
20, -1, 4, 3, 2, 26, 41, 77
20, -1, 4, 3, 2, 27, 45, 75
20, -1, 4, 3, 2, 28, 49, 73
20, -1, 4, 3, 2, 29, 53, 71
20, -1, 4, 3, 2, 30, 57, 69
20, -1, 4, 3, 2, 31, 61, 67
20, -1, 4, 3, 2, 32, 65, 65
20, -1, 4, 3, 2, 33, 69, 63
20, -1, 4, 3, 2, 34, 73, 61
20, -1, 4, 3, 2, 35, 77, 59
20, -1, 4, 3, 2, 36, 81, 57
20, -1, 4, 3, 2, 37, 85, 55
20, -1, 4, 3, 2, 38, 89, 53
20, -1, 4, 3, 2, 39, 92, 51
20, -1, 4, 3, 2, 40, 88, 49
20, -1, 4, 3, 2, 41, 84, 47
20, -1, 4, 3, 2, 42, 80, 45
20, -1, 4, 3, 2, 43, 76, 43
20, -1, 4, 3, 2, 44, 72, 41
20, -1, 4, 3, 2, 45, 68, 39
20, -1, 4, 3, 2, 46, 66, 37
20, -1, 4, 3, 2, 47, 70, 35
20, -1, 4, 3, 2, 48, 74, 33
20, -1, 4, 3, 2, 49, 78, 31
20, -1, 4, 3, 2, 50, 82, 29
20, -1, 4, 3, 2, 51, 86, 27
20, -1, 4, 3, 2, 52, 90, 25
20, -1, 4, 3, 2, 53, 94, 23
20, -1, 4, 3, 2, 54, 98, 21
20, -1, 4, 3, 2, 55, 102, 19
20, -1, 4, 3, 2, 56, 106, 17
20, -1, 4, 3, 2, 57, 110, 15
20, -1, 4, 3, 2, 58, 114, 13
20, -1, 4, 3, 2, 59, 118, 11
20, -1, 4, 3, 2, 60, 122, 9
20, -1, 4, 3, 2, 61, 126, 7
20, -1, 4, 3, 2, 62, 120, 5
20, -1, 4, 3, 2, 63, 128, 3
20, -1, 4, 3, 2, 64, 16, 2
20, -1, 4, 3, 2, 65, 20, 4
20, -1, 4, 3, 2, 66, 24, 6
20, -1, 4, 3, 2, 67, 28, 8
20, -1, 4, 3, 2, 68, 32, 10
20, -1, 4, 3, 2, 69, 36, 12
20, -1, 4, 3, 2, 70, 40, 14
20, -1, 4, 3, 2, 71, 33, 16
20, -1, 4, 3, 2, 72, 29, 18
20, -1, 4, 3, 2, 73, 25, 20
20, -1, 4, 3, 2, 74, 21, 22
20, -1, 4, 3, 2, 75, 17, 24
20, -1, 4, 3, 2, 76, 13, 26
20, -1, 4, 3, 2, 77, 9, 28
20, -1, 4, 3, 2, 78, 5, 30
20, -1, 4, 3, 2, 79, 1, 32
20, -1, 4, 3, 2, 80, 3, 34
20, -1, 4, 3, 2, 81, 7, 36
20, -1, 4, 3, 2, 82, 11, 38
20, -1, 4, 3, 2, 83, 15, 40
20, -1, 4, 3, 2, 84, 19, 42
20, -1, 4, 3, 2, 85, 23, 44
20, -1, 4, 3, 2, 86, 27, 46
20, -1, 4, 3, 2, 87, 31, 48
20, -1, 4, 3, 2, 88, 35, 50
20, -1, 4, 3, 2, 89, 39, 52
20, -1, 4, 3, 2, 90, 43, 54
20, -1, 4, 3, 2, 91, 47, 56
20, -1, 4, 3, 2, 92, 51, 58
20, -1, 4, 3, 2, 93, 55, 60
20, -1, 4, 3, 2, 94, 59, 62
20, -1, 4, 3, 2, 95, 63, 64
20, -1, 4, 3, 2, 96, 67, 66
20, -1, 4, 3, 2, 97, 71, 68
20, -1, 4, 3, 2, 98, 75, 70
20, -1, 4, 3, 2, 99, 79, 72
20, -1, 4, 3, 2, 100, 83, 74
20, -1, 4, 3, 2, 101, 87, 76
20, -1, 4, 3, 2, 102, 91, 78
20, -1, 4, 3, 2, 103, 95, 80
20, -1, 4, 3, 2, 104, 99, 82
20, -1, 4, 3, 2, 105, 103, 84
20, -1, 4, 3, 2, 106, 107, 86
20, -1, 4, 3, 2, 107, 111, 88
20, -1, 4, 3, 2, 108, 115, 90
20, -1, 4, 3, 2, 109, 119, 92
20, -1, 4, 3, 2, 110, 123, 94
20, -1, 4, 3, 2, 111, 127, 96
20, -1, 4, 3, 2, 112, 125, 98
20, -1, 4, 3, 2, 113, 121, 100
20, -1, 4, 3, 2, 114, 117, 102
20, -1, 4, 3, 2, 115, 113, 104
20, -1, 4, 3, 2, 116, 109, 106
20, -1, 4, 3, 2, 117, 105, 108
20, -1, 4, 3, 2, 118, 101, 110
20, -1, 4, 3, 2, 119, 97, 112
20, -1, 4, 3, 2, 120, 93, 114
20, -1, 4, 3, 2, 121, 96, 116
20, -1, 4, 3, 2, 122, 100, 118
20, -1, 4, 3, 2, 123, 104, 120
20, -1, 4, 3, 2, 124, 108, 122
20, -1, 4, 3, 2, 125, 112, 124
20, -1, 4, 3, 2, 126, 116, 126
20, -1, 4, 3, 2, 127, 124, 128
21, -1, 3, 3, 2, 0, 4, 3
21, -1, 3, 3, 2, 1, 8, 5
21, -1, 3, 3, 2, 2, 12, 7
21, -1, 3, 3, 2, 3, 2, 9
21, -1, 3, 3, 2, 4, 6, 11
21, -1, 3, 3, 2, 5, 10, 13
21, -1, 3, 3, 2, 6, 14, 15
21, -1, 3, 3, 2, 7, 18, 17
21, -1, 3, 3, 2, 8, 22, 19
21, -1, 3, 3, 2, 9, 26, 21
21, -1, 3, 3, 2, 10, 30, 23
21, -1, 3, 3, 2, 11, 34, 25
21, -1, 3, 3, 2, 12, 38, 27
21, -1, 3, 3, 2, 13, 42, 29
21, -1, 3, 3, 2, 14, 46, 31
21, -1, 3, 3, 2, 15, 50, 33
21, -1, 3, 3, 2, 16, 54, 35
21, -1, 3, 3, 2, 17, 59, 37
21, -1, 3, 3, 2, 18, 62, 39
21, -1, 3, 3, 2, 19, 64, 41
21, -1, 3, 3, 2, 20, 60, 43
21, -1, 3, 3, 2, 21, 56, 45
21, -1, 3, 3, 2, 22, 52, 47
21, -1, 3, 3, 2, 23, 48, 49
21, -1, 3, 3, 2, 24, 44, 51
21, -1, 3, 3, 2, 25, 37, 53
21, -1, 3, 3, 2, 26, 41, 55
21, -1, 3, 3, 2, 27, 45, 57
21, -1, 3, 3, 2, 28, 49, 59
21, -1, 3, 3, 2, 29, 53, 61
21, -1, 3, 3, 2, 30, 57, 63
21, -1, 3, 3, 2, 31, 61, 65
21, -1, 3, 3, 2, 32, 65, 67
21, -1, 3, 3, 2, 33, 69, 69
21, -1, 3, 3, 2, 34, 73, 71
21, -1, 3, 3, 2, 35, 77, 73
21, -1, 3, 3, 2, 36, 81, 75
21, -1, 3, 3, 2, 37, 85, 77
21, -1, 3, 3, 2, 38, 89, 79
21, -1, 3, 3, 2, 39, 92, 81
21, -1, 3, 3, 2, 40, 88, 83
21, -1, 3, 3, 2, 41, 84, 85
21, -1, 3, 3, 2, 42, 80, 87
21, -1, 3, 3, 2, 43, 76, 89
21, -1, 3, 3, 2, 44, 72, 91
21, -1, 3, 3, 2, 45, 68, 93
21, -1, 3, 3, 2, 46, 66, 95
21, -1, 3, 3, 2, 47, 70, 97
21, -1, 3, 3, 2, 48, 74, 99
21, -1, 3, 3, 2, 49, 78, 101
21, -1, 3, 3, 2, 50, 82, 103
21, -1, 3, 3, 2, 51, 86, 105
21, -1, 3, 3, 2, 52, 90, 107
21, -1, 3, 3, 2, 53, 94, 109
21, -1, 3, 3, 2, 54, 98, 111
21, -1, 3, 3, 2, 55, 102, 113
21, -1, 3, 3, 2, 56, 106, 115
21, -1, 3, 3, 2, 57, 110, 117
21, -1, 3, 3, 2, 58, 114, 119
21, -1, 3, 3, 2, 59, 118, 121
21, -1, 3, 3, 2, 60, 122, 123
21, -1, 3, 3, 2, 61, 126, 125
21, -1, 3, 3, 2, 62, 120, 127
21, -1, 3, 3, 2, 63, 128, 129
21, -1, 3, 3, 2, 64, 16, 128
21, -1, 3, 3, 2, 65, 20, 126
21, -1, 3, 3, 2, 66, 24, 124
21, -1, 3, 3, 2, 67, 28, 122
21, -1, 3, 3, 2, 68, 32, 120
21, -1, 3, 3, 2, 69, 36, 118
21, -1, 3, 3, 2, 70, 40, 116
21, -1, 3, 3, 2, 71, 33, 114
21, -1, 3, 3, 2, 72, 29, 112
21, -1, 3, 3, 2, 73, 25, 110
21, -1, 3, 3, 2, 74, 21, 108
21, -1, 3, 3, 2, 75, 17, 106
21, -1, 3, 3, 2, 76, 13, 104
21, -1, 3, 3, 2, 77, 9, 102
21, -1, 3, 3, 2, 78, 5, 100
21, -1, 3, 3, 2, 79, 1, 98
21, -1, 3, 3, 2, 80, 3, 96
21, -1, 3, 3, 2, 81, 7, 94
21, -1, 3, 3, 2, 82, 11, 92
21, -1, 3, 3, 2, 83, 15, 90
21, -1, 3, 3, 2, 84, 19, 88
21, -1, 3, 3, 2, 85, 23, 86
21, -1, 3, 3, 2, 86, 27, 84
21, -1, 3, 3, 2, 87, 31, 82
21, -1, 3, 3, 2, 88, 35, 80
21, -1, 3, 3, 2, 89, 39, 78
21, -1, 3, 3, 2, 90, 43, 76
21, -1, 3, 3, 2, 91, 47, 74
21, -1, 3, 3, 2, 92, 51, 72
21, -1, 3, 3, 2, 93, 55, 70
21, -1, 3, 3, 2, 94, 59, 68
21, -1, 3, 3, 2, 95, 63, 66
21, -1, 3, 3, 2, 96, 67, 64
21, -1, 3, 3, 2, 97, 71, 62
21, -1, 3, 3, 2, 98, 75, 60
21, -1, 3, 3, 2, 99, 79, 58
21, -1, 3, 3, 2, 100, 83, 56
21, -1, 3, 3, 2, 101, 87, 54
21, -1, 3, 3, 2, 102, 91, 52
21, -1, 3, 3, 2, 103, 95, 50
21, -1, 3, 3, 2, 104, 99, 48
21, -1, 3, 3, 2, 105, 103, 46
21, -1, 3, 3, 2, 106, 107, 44
21, -1, 3, 3, 2, 107, 111, 42
21, -1, 3, 3, 2, 108, 115, 40
21, -1, 3, 3, 2, 109, 119, 38
21, -1, 3, 3, 2, 110, 123, 36
21, -1, 3, 3, 2, 111, 127, 34
21, -1, 3, 3, 2, 112, 125, 32
21, -1, 3, 3, 2, 113, 121, 30
21, -1, 3, 3, 2, 114, 117, 28
21, -1, 3, 3, 2, 115, 113, 26
21, -1, 3, 3, 2, 116, 109, 24
21, -1, 3, 3, 2, 117, 105, 22
21, -1, 3, 3, 2, 118, 101, 20
21, -1, 3, 3, 2, 119, 97, 18
21, -1, 3, 3, 2, 120, 93, 16
21, -1, 3, 3, 2, 121, 96, 14
21, -1, 3, 3, 2, 122, 100, 12
21, -1, 3, 3, 2, 123, 104, 10
21, -1, 3, 3, 2, 124, 108, 8
21, -1, 3, 3, 2, 125, 112, 6
21, -1, 3, 3, 2, 126, 116, 4
21, -1, 3, 3, 2, 127, 124, 2
22, -1, 2, 3, 2, 0, 4, 129
22, -1, 2, 3, 2, 1, 8, 127
22, -1, 2, 3, 2, 2, 12, 125
22, -1, 2, 3, 2, 3, 2, 123
22, -1, 2, 3, 2, 4, 6, 121
22, -1, 2, 3, 2, 5, 10, 119
22, -1, 2, 3, 2, 6, 14, 117
22, -1, 2, 3, 2, 7, 18, 115
22, -1, 2, 3, 2, 8, 22, 113
22, -1, 2, 3, 2, 9, 26, 111
22, -1, 2, 3, 2, 10, 30, 109
22, -1, 2, 3, 2, 11, 34, 107
22, -1, 2, 3, 2, 12, 38, 105
22, -1, 2, 3, 2, 13, 42, 103
22, -1, 2, 3, 2, 14, 46, 101
22, -1, 2, 3, 2, 15, 50, 99
22, -1, 2, 3, 2, 16, 54, 97
22, -1, 2, 3, 2, 17, 59, 95
22, -1, 2, 3, 2, 18, 62, 93
22, -1, 2, 3, 2, 19, 64, 91
22, -1, 2, 3, 2, 20, 60, 89
22, -1, 2, 3, 2, 21, 56, 87
22, -1, 2, 3, 2, 22, 52, 85
22, -1, 2, 3, 2, 23, 48, 83
22, -1, 2, 3, 2, 24, 44, 81
22, -1, 2, 3, 2, 25, 37, 79
22, -1, 2, 3, 2, 26, 41, 77
22, -1, 2, 3, 2, 27, 45, 75
22, -1, 2, 3, 2, 28, 49, 73
22, -1, 2, 3, 2, 29, 53, 71
22, -1, 2, 3, 2, 30, 57, 69
22, -1, 2, 3, 2, 31, 61, 67
22, -1, 2, 3, 2, 32, 65, 65
22, -1, 2, 3, 2, 33, 69, 63
22, -1, 2, 3, 2, 34, 73, 61
22, -1, 2, 3, 2, 35, 77, 59
22, -1, 2, 3, 2, 36, 81, 57
22, -1, 2, 3, 2, 37, 85, 55
22, -1, 2, 3, 2, 38, 89, 53
22, -1, 2, 3, 2, 39, 92, 51
22, -1, 2, 3, 2, 40, 88, 49
22, -1, 2, 3, 2, 41, 84, 47
22, -1, 2, 3, 2, 42, 80, 45
22, -1, 2, 3, 2, 43, 76, 43
22, -1, 2, 3, 2, 44, 72, 41
22, -1, 2, 3, 2, 45, 68, 39
22, -1, 2, 3, 2, 46, 66, 37
22, -1, 2, 3, 2, 47, 70, 35
22, -1, 2, 3, 2, 48, 74, 33
22, -1, 2, 3, 2, 49, 78, 31
22, -1, 2, 3, 2, 50, 82, 29
22, -1, 2, 3, 2, 51, 86, 27
22, -1, 2, 3, 2, 52, 90, 25
22, -1, 2, 3, 2, 53, 94, 23
22, -1, 2, 3, 2, 54, 98, 21
22, -1, 2, 3, 2, 55, 102, 19
22, -1, 2, 3, 2, 56, 106, 17
22, -1, 2, 3, 2, 57, 110, 15
22, -1, 2, 3, 2, 58, 114, 13
22, -1, 2, 3, 2, 59, 118, 11
22, -1, 2, 3, 2, 60, 122, 9
22, -1, 2, 3, 2, 61, 126, 7
22, -1, 2, 3, 2, 62, 120, 5
22, -1, 2, 3, 2, 63, 128, 3
22, -1, 2, 3, 2, 64, 16, 2
22, -1, 2, 3, 2, 65, 20, 4
22, -1, 2, 3, 2, 66, 24, 6
22, -1, 2, 3, 2, 67, 28, 8
22, -1, 2, 3, 2, 68, 32, 10
22, -1, 2, 3, 2, 69, 36, 12
22, -1, 2, 3, 2, 70, 40, 14
22, -1, 2, 3, 2, 71, 33, 16
22, -1, 2, 3, 2, 72, 29, 18
22, -1, 2, 3, 2, 73, 25, 20
22, -1, 2, 3, 2, 74, 21, 22
22, -1, 2, 3, 2, 75, 17, 24
22, -1, 2, 3, 2, 76, 13, 26
22, -1, 2, 3, 2, 77, 9, 28
22, -1, 2, 3, 2, 78, 5, 30
22, -1, 2, 3, 2, 79, 1, 32
22, -1, 2, 3, 2, 80, 3, 34
22, -1, 2, 3, 2, 81, 7, 36
22, -1, 2, 3, 2, 82, 11, 38
22, -1, 2, 3, 2, 83, 15, 40
22, -1, 2, 3, 2, 84, 19, 42
22, -1, 2, 3, 2, 85, 23, 44
22, -1, 2, 3, 2, 86, 27, 46
22, -1, 2, 3, 2, 87, 31, 48
22, -1, 2, 3, 2, 88, 35, 50
22, -1, 2, 3, 2, 89, 39, 52
22, -1, 2, 3, 2, 90, 43, 54
22, -1, 2, 3, 2, 91, 47, 56
22, -1, 2, 3, 2, 92, 51, 58
22, -1, 2, 3, 2, 93, 55, 60
22, -1, 2, 3, 2, 94, 59, 62
22, -1, 2, 3, 2, 95, 63, 64
22, -1, 2, 3, 2, 96, 67, 66
22, -1, 2, 3, 2, 97, 71, 68
22, -1, 2, 3, 2, 98, 75, 70
22, -1, 2, 3, 2, 99, 79, 72
22, -1, 2, 3, 2, 100, 83, 74
22, -1, 2, 3, 2, 101, 87, 76
22, -1, 2, 3, 2, 102, 91, 78
22, -1, 2, 3, 2, 103, 95, 80
22, -1, 2, 3, 2, 104, 99, 82
22, -1, 2, 3, 2, 105, 103, 84
22, -1, 2, 3, 2, 106, 107, 86
22, -1, 2, 3, 2, 107, 111, 88
22, -1, 2, 3, 2, 108, 115, 90
22, -1, 2, 3, 2, 109, 119, 92
22, -1, 2, 3, 2, 110, 123, 94
22, -1, 2, 3, 2, 111, 127, 96
22, -1, 2, 3, 2, 112, 125, 98
22, -1, 2, 3, 2, 113, 121, 100
22, -1, 2, 3, 2, 114, 117, 102
22, -1, 2, 3, 2, 115, 113, 104
22, -1, 2, 3, 2, 116, 109, 106
22, -1, 2, 3, 2, 117, 105, 108
22, -1, 2, 3, 2, 118, 101, 110
22, -1, 2, 3, 2, 119, 97, 112
22, -1, 2, 3, 2, 120, 93, 114
22, -1, 2, 3, 2, 121, 96, 116
22, -1, 2, 3, 2, 122, 100, 118
22, -1, 2, 3, 2, 123, 104, 120
22, -1, 2, 3, 2, 124, 108, 122
22, -1, 2, 3, 2, 125, 112, 124
22, -1, 2, 3, 2, 126, 116, 126
22, -1, 2, 3, 2, 127, 124, 128
23, -1, 1, 3, 2, 0, 4, 3
23, -1, 1, 3, 2, 1, 8, 5
23, -1, 1, 3, 2, 2, 12, 7
23, -1, 1, 3, 2, 3, 2, 9
23, -1, 1, 3, 2, 4, 6, 11
23, -1, 1, 3, 2, 5, 10, 13
23, -1, 1, 3, 2, 6, 14, 15
23, -1, 1, 3, 2, 7, 18, 17
23, -1, 1, 3, 2, 8, 22, 19
23, -1, 1, 3, 2, 9, 26, 21
23, -1, 1, 3, 2, 10, 30, 23
23, -1, 1, 3, 2, 11, 34, 25
23, -1, 1, 3, 2, 12, 38, 27
23, -1, 1, 3, 2, 13, 42, 29
23, -1, 1, 3, 2, 14, 46, 31
23, -1, 1, 3, 2, 15, 50, 33
23, -1, 1, 3, 2, 16, 54, 35
23, -1, 1, 3, 2, 17, 59, 37
23, -1, 1, 3, 2, 18, 62, 39
23, -1, 1, 3, 2, 19, 64, 41
23, -1, 1, 3, 2, 20, 60, 43
23, -1, 1, 3, 2, 21, 56, 45
23, -1, 1, 3, 2, 22, 52, 47
23, -1, 1, 3, 2, 23, 48, 49
23, -1, 1, 3, 2, 24, 44, 51
23, -1, 1, 3, 2, 25, 37, 53
23, -1, 1, 3, 2, 26, 41, 55
23, -1, 1, 3, 2, 27, 45, 57
23, -1, 1, 3, 2, 28, 49, 59
23, -1, 1, 3, 2, 29, 53, 61
23, -1, 1, 3, 2, 30, 57, 63
23, -1, 1, 3, 2, 31, 61, 65
23, -1, 1, 3, 2, 32, 65, 67
23, -1, 1, 3, 2, 33, 69, 69
23, -1, 1, 3, 2, 34, 73, 71
23, -1, 1, 3, 2, 35, 77, 73
23, -1, 1, 3, 2, 36, 81, 75
23, -1, 1, 3, 2, 37, 85, 77
23, -1, 1, 3, 2, 38, 89, 79
23, -1, 1, 3, 2, 39, 92, 81
23, -1, 1, 3, 2, 40, 88, 83
23, -1, 1, 3, 2, 41, 84, 85
23, -1, 1, 3, 2, 42, 80, 87
23, -1, 1, 3, 2, 43, 76, 89
23, -1, 1, 3, 2, 44, 72, 91
23, -1, 1, 3, 2, 45, 68, 93
23, -1, 1, 3, 2, 46, 66, 95
23, -1, 1, 3, 2, 47, 70, 97
23, -1, 1, 3, 2, 48, 74, 99
23, -1, 1, 3, 2, 49, 78, 101
23, -1, 1, 3, 2, 50, 82, 103
23, -1, 1, 3, 2, 51, 86, 105
23, -1, 1, 3, 2, 52, 90, 107
23, -1, 1, 3, 2, 53, 94, 109
23, -1, 1, 3, 2, 54, 98, 111
23, -1, 1, 3, 2, 55, 102, 113
23, -1, 1, 3, 2, 56, 106, 115
23, -1, 1, 3, 2, 57, 110, 117
23, -1, 1, 3, 2, 58, 114, 119
23, -1, 1, 3, 2, 59, 118, 121
23, -1, 1, 3, 2, 60, 122, 123
23, -1, 1, 3, 2, 61, 126, 125
23, -1, 1, 3, 2, 62, 120, 127
23, -1, 1, 3, 2, 63, 128, 129
23, -1, 1, 3, 2, 64, 16, 128
23, -1, 1, 3, 2, 65, 20, 126
23, -1, 1, 3, 2, 66, 24, 124
23, -1, 1, 3, 2, 67, 28, 122
23, -1, 1, 3, 2, 68, 32, 120
23, -1, 1, 3, 2, 69, 36, 118
23, -1, 1, 3, 2, 70, 40, 116
23, -1, 1, 3, 2, 71, 33, 114
23, -1, 1, 3, 2, 72, 29, 112
23, -1, 1, 3, 2, 73, 25, 110
23, -1, 1, 3, 2, 74, 21, 108
23, -1, 1, 3, 2, 75, 17, 106
23, -1, 1, 3, 2, 76, 13, 104
23, -1, 1, 3, 2, 77, 9, 102
23, -1, 1, 3, 2, 78, 5, 100
23, -1, 1, 3, 2, 79, 1, 98
23, -1, 1, 3, 2, 80, 3, 96
23, -1, 1, 3, 2, 81, 7, 94
23, -1, 1, 3, 2, 82, 11, 92
23, -1, 1, 3, 2, 83, 15, 90
23, -1, 1, 3, 2, 84, 19, 88
23, -1, 1, 3, 2, 85, 23, 86
23, -1, 1, 3, 2, 86, 27, 84
23, -1, 1, 3, 2, 87, 31, 82
23, -1, 1, 3, 2, 88, 35, 80
23, -1, 1, 3, 2, 89, 39, 78
23, -1, 1, 3, 2, 90, 43, 76
23, -1, 1, 3, 2, 91, 47, 74
23, -1, 1, 3, 2, 92, 51, 72
23, -1, 1, 3, 2, 93, 55, 70
23, -1, 1, 3, 2, 94, 59, 68
23, -1, 1, 3, 2, 95, 63, 66
23, -1, 1, 3, 2, 96, 67, 64
23, -1, 1, 3, 2, 97, 71, 62
23, -1, 1, 3, 2, 98, 75, 60
23, -1, 1, 3, 2, 99, 79, 58
23, -1, 1, 3, 2, 100, 83, 56
23, -1, 1, 3, 2, 101, 87, 54
23, -1, 1, 3, 2, 102, 91, 52
23, -1, 1, 3, 2, 103, 95, 50
23, -1, 1, 3, 2, 104, 99, 48
23, -1, 1, 3, 2, 105, 103, 46
23, -1, 1, 3, 2, 106, 107, 44
23, -1, 1, 3, 2, 107, 111, 42
23, -1, 1, 3, 2, 108, 115, 40
23, -1, 1, 3, 2, 109, 119, 38
23, -1, 1, 3, 2, 110, 123, 36
23, -1, 1, 3, 2, 111, 127, 34
23, -1, 1, 3, 2, 112, 125, 32
23, -1, 1, 3, 2, 113, 121, 30
23, -1, 1, 3, 2, 114, 117, 28
23, -1, 1, 3, 2, 115, 113, 26
23, -1, 1, 3, 2, 116, 109, 24
23, -1, 1, 3, 2, 117, 105, 22
23, -1, 1, 3, 2, 118, 101, 20
23, -1, 1, 3, 2, 119, 97, 18
23, -1, 1, 3, 2, 120, 93, 16
23, -1, 1, 3, 2, 121, 96, 14
23, -1, 1, 3, 2, 122, 100, 12
23, -1, 1, 3, 2, 123, 104, 10
23, -1, 1, 3, 2, 124, 108, 8
23, -1, 1, 3, 2, 125, 112, 6
23, -1, 1, 3, 2, 126, 116, 4
23, -1, 1, 3, 2, 127, 124, 2
